uri:ID,jenis,nomor,status,tahun,tentang,title,:LABEL
ARS-0001,PERATURAN MENTERI,6,active,2025,Klasifikasi Arsip Kementerian Hak Asasi Manusia,Peraturan Menteri Hak Asasi Manusia Nomor 6 Tahun 2025,Peraturan
ARS-0002,PERATURAN MENTERI,2,active,2025,Klasifikasi Arsip di Lingkungan Kementerian Desa dan Pembangunan Daerah Tertinggal,Peraturan Menteri Desa dan Pembangunan Daerah Tertinggal Nomor 2 Tahun 2025,Peraturan
ARS-0003,PERATURAN MENTERI,1,active,2025,"KLASIFIKASI ARSIP KEMENTERIAN KOORDINATOR BIDANG HUKUM, HAK ASASI MANUSIA, IMIGRASI, DAN PEMASYARAKARTAN","Peraturan Menteri Koordinator Bidang Hukum, Hak Asasi Manusia, Imigrasi, dan Pemasyarakatan Nomor 1 Tahun 2025",Peraturan
ARS-0004,PERATURAN MENTERI,8,active,2025,Sistem Klasifikasi Keamanan dan Akses Arsip Dinamis di Lingkungan Kementerian Desa dan Pembangunan Daerah Tertinggal,Peraturan Menteri Desa dan Pembangunan Daerah Tertinggal Nomor 8 Tahun 2025,Peraturan
ARS-0005,PERATURAN MENTERI,7,active,2025,Jadwal Retensi Arsip Di Lingkungan Kementerian Perdagangan,Peraturan Menteri Perdagangan Nomor 7 Tahun 2025,Peraturan
ARS-0006,PERATURAN MENTERI,57,active,2025,Jenis dan Tarif atas Jenis Penerimaan Negara Bukan Pajak yang bersifat Volatil yang Berlaku pada Arsip Nasional Republik Indonesia,Peraturan Menteri Keuangan Nomor 57 Tahun 2025,Peraturan
ARS-0007,PERATURAN BADAN/LEMBAGA,4,active,2025,Pedoman Pemanfaatan Arsip Statis,Peraturan Arsip Nasional Nomor 4 Tahun 2025,Peraturan
ARS-0008,PERATURAN BADAN/LEMBAGA,2,active,2025,Jadwal Retensi Arsip di Lingkungan Perpustakaan Nasional,Peraturan Perpustakaan Nasional Nomor 2 Tahun 2025,Peraturan
ARS-0009,PERATURAN BADAN/LEMBAGA,4,active,2025,Pencabutan Peraturan Kepala Lembaga Sandi Negara Nomor 9 Tahun 2017 tentang Jadwal Retensi Arsip Fasilitatif Lembaga Sandi Negara,Peraturan Badan Siber dan Sandi Negara Nomor 4 Tahun 2025,Peraturan
ARS-0010,PERATURAN BADAN/LEMBAGA,1,active,2025,Manajemen Risiko Pembangunan Nasional Arsip Nasional Republik Indonesia,Peraturan Arsip Nasional Nomor 1 Tahun 2025,Peraturan
ARS-0011,PERATURAN BADAN/LEMBAGA,5,active,2025,Tata Naskah Dinas di Lingkungan Arsip Nasional Republik Indonesia,Peraturan Arsip Nasional Nomor 5 Tahun 2025,Peraturan
ARS-0012,PERATURAN BADAN/LEMBAGA,3,active,2025,Pencabutan Peraturan Kepala Lembaga Sandi Negara Nomor 4 Tahun 2017 tentang Jadwal Retensi Arsip Substantif Lembaga Sandi Negara,Peraturan Badan Siber dan Sandi Negara Nomor 3 Tahun 2025,Peraturan
ARS-0013,PERATURAN BADAN/LEMBAGA,2,active,2025,Pencabutan  Peraturan Kepala Arsip Nasional Republik Indonesia Nomor 29 Tahun 2012 Tentang Petunjuk Pelaksanaan Pembuatan Analisis Jabatan di Lingkungan Arsip Nasional Republik Indonesia dan Peraturan Kepala Arsip Nasional Republik Indonesia Nomor 30 Tahun 2012 Tentang Petunjuk Pelaksanaan Analisis Beban Kerja di Lingkungan Arsip Nasional Republik Indonesia,Peraturan Arsip Nasional Nomor 2 Tahun 2025,Peraturan
ARS-0014,PERATURAN MENTERI,16,active,2024,JADWAL RETENSI ARSIP DI LINGKUNGAN KEMENTERIAN PEMUDA DAN OLAHRAGA,Peraturan Menteri Pemuda dan Olahraga Nomor 16 Tahun 2024,Peraturan
ARS-0015,PERATURAN MENTERI,1,active,2024,"PERUBAHAN ATAS PERATURAN MENTERI KOORDINATOR BIDANG POLITIK, HUKUM, DAN KEAMANAN NOMOR 3 TAHUN 2017 TENTANG KLASIFIKASI ARSIP DI KEMENTERIAN KOORDINATOR BIDANG POLITIK, HUKUM, DAN KEAMANAN","Peraturan Menteri Koordinator Bidang Politik, Hukum, Dan Keamanan Nomor 1 Tahun 2024",Peraturan
ARS-0016,PERATURAN MENTERI,3,active,2024,"PERUBAHAN ATAS PERATURAN MENTERI KOORDINATOR BIDANG POLITIK, HUKUM, DAN KEAMANAN NOMOR 4 TAHUN 2019 TENTANG PENYELENGGARAAN KEARSIPAN DI KEMENTERIAN KOORDINATOR BIDANG POLITIK, HUKUM, KEAMANAN","Peraturan Menteri Koordinator Bidang Politik, Hukum, Dan Keamanan Nomor 3 Tahun 2024",Peraturan
ARS-0017,PERATURAN MENTERI,5,active,2024,Jadwal Retensi Arsip,Peraturan Menteri Pariwisata dan Ekonomi Kreatif Nomor 5 Tahun 2024,Peraturan
ARS-0018,PERATURAN MENTERI,4,active,2024,Klasifikasi Arsip  di Lingkungan Kementerian Transmigrasi,Peraturan Menteri Transmigrasi Nomor 4 Tahun 2024,Peraturan
ARS-0019,PERATURAN MENTERI,2,active,2024,JADWAL RETENSI ARSIP,"Peraturan Menteri Koordinator Bidang Politik, Hukum, Dan Keamanan Nomor 2 Tahun 2024",Peraturan
ARS-0020,PERATURAN MENTERI,5,active,2024,ARSIP KEPRESIDENAN DI LINGKUNGAN KEMENTERIAN SEKRETARIAT NEGARA,Peraturan Menteri Sekretariat Negara Nomor 5 Tahun 2024,Peraturan
ARS-0021,PERATURAN MENTERI,4,active,2024,Pencabutan Peraturan Menteri Kesehatan Nomor 77 Tahun 2016 tentang Sistem Klasifikasi Keamanan dan Akses Arsip Dinamis di Lingkungan Kementerian Kesehatan dan Peraturan Menteri Kesehatan Nomor 21 Tahun 2018 tentang Pedoman Tata Kearsipan Dinamis di Lingkungan Kementerian Kesehatan,Peraturan Menteri Kesehatan Nomor 4 Tahun 2024,Peraturan
ARS-0022,PERATURAN BADAN/LEMBAGA,3,active,2024,Pedoman Penyelenggaraan Pelatihan Kearsipan,Peraturan Arsip Nasional Nomor 3 Tahun 2024,Peraturan
ARS-0023,PERATURAN BADAN/LEMBAGA,1,active,2024,"PENCABUTAN ATAS PERATURAN DI BADAN STANDARDISASI NASIONAL NOMOR 21 TAHUN 2019 TENTANGLINGKUNGAN BADAN STANDARDISASI NASIONAL, DAN PERATURANPELAKSANAAN SISTEM KLASIFIKASI KEAMANAN DAN AKSES ARSIP DINAMISSTANDARDISASI NASIONAL NOMOR 19 TAHUN 2019 TENTANG PETUNJUK LINGKUNGAN BADAN STANDARDISASI NASIONAL, PERATURAN BADAN NASIONAL PEDOMAN TENAGA PENGENDALI MUTU STANDAR NASIONAL INDONESIA",Peraturan Badan Standardisasi Nasional Nomor 1 Tahun 2024,Peraturan
ARS-0024,PERATURAN BADAN/LEMBAGA,2,active,2024,ORGANISASI DAN TATA KERJA ARSIP NASIONAL REPUBLIK INDONESIA,Peraturan Arsip Nasional Nomor 2 Tahun 2024,Peraturan
ARS-0025,PERATURAN BADAN/LEMBAGA,17,active,2024,Klasifikasi Arsip Perpustakaan Nasional,Peraturan Perpustakaan Nasional Nomor 17 Tahun 2024,Peraturan
ARS-0026,PERATURAN BADAN/LEMBAGA,1,active,2024,PENYELENGGARAAN KEARSIPAN,Peraturan Kepala Badan Pusat Statistik Nomor 1 Tahun 2024,Peraturan
ARS-0027,PERATURAN BADAN/LEMBAGA,6,active,2024,PERUBAHAN ATAS  PERATURAN BADAN KEPEGAWAIAN NEGARA NOMOR 1 TAHUN 2022 TENTANG PEDOMAN PENGELOLAAN ARSIP DINAMIS,Peraturan Badan Kepegawaian Negara Nomor 6 Tahun 2024,Peraturan
ARS-0028,PERATURAN BADAN/LEMBAGA,3,active,2024,Sistem Klasifikasi Keamanan Dan Akses Arsip Dinamis  Di Lingkungan Badan Pangan Nasional,Peraturan Badan Pangan Nasional Nomor 3 Tahun 2024,Peraturan
ARS-0029,PERATURAN DAERAH,6,active,2024,PENYELENGGARAAN KEARSIPAN,Peraturan Daerah Kota Semarang Nomor 6 Tahun 2024,Peraturan
ARS-0030,PERATURAN DAERAH,2,active,2024,Penyelenggaraan Perpustakan dan Arsip Elektronik,Peraturan Daerah Provinsi Lampung Nomor 2 Tahun 2024,Peraturan
ARS-0031,PERATURAN PRESIDEN,23,active,2023,ARSIP NASIONAL REPUBL]K INDONESIA,Peraturan Presiden Nomor 23 Tahun 2023,Peraturan
ARS-0032,PERATURAN MENTERI,2,active,2023,KLASIFIKASI ARSIP DI LINGKUNGAN KEMENTERIAN KOORDINATOR BIDANG PEMBANGUNAN MANUSIA DAN KEBUDAYAAN,Peraturan Menteri Koordinator Bidang Pembangunan Manusia dan Kebudayaan Nomor 2 Tahun 2023,Peraturan
ARS-0033,PERATURAN MENTERI,11,active,2023,JADWAL RETENSI ARSIP DI LINGKUNGAN KEMENTERIAN KOPERASI DAN USAHA KECIL DAN MENENGAH,"Peraturan Menteri Koperasi, Usaha Kecil dan Menengah  Nomor 11 Tahun 2023",Peraturan
ARS-0034,PERATURAN MENTERI,6,active,2023,PROGRAM ARSIP VITAL KEMENTERIAN LUAR NEGERI DAN PERWAKILAN REPUBLIK INDONESIA,Peraturan Menteri Luar Negeri Nomor 6 Tahun 2023,Peraturan
ARS-0035,PERATURAN MENTERI,4,active,2023,SISTEM KLASIFIKASI KEAMANAN DAN AKSES ARSIP DINAMIS DI LINGKUNGAN KEMENTERIAN KOORDINATOR BIDANG PEMBANGUNAN MANUSIA DAN KEBUDAYAAN,Peraturan Menteri Koordinator Bidang Pembangunan Manusia dan Kebudayaan Nomor 4 Tahun 2023,Peraturan
ARS-0036,PERATURAN MENTERI,3,active,2023,JADWAL RETENSI ARSIP DI LINGKUNGAN KEMENTERIAN KOORDINATOR BIDANG PEMBANGUNAN MANUSIA DAN KEBUDAYAAN,Peraturan Menteri Koordinator Bidang Pembangunan Manusia dan Kebudayaan Nomor 3 Tahun 2023,Peraturan
ARS-0037,PERATURAN BADAN/LEMBAGA,1,active,2023,PEDOMAN AUTENTIKASI ARSIP STATIS,Peraturan Arsip Nasional Nomor 1 Tahun 2023,Peraturan
ARS-0038,PERATURAN BADAN/LEMBAGA,17,active,2023,"JADWAL RETENSI ARSIP KOMISI PEMILIHAN UMUM, KOMISI PEMILIHAN UMUM PROVINSI, DAN KOMISI PEMILIHAN UMUM KABUPATEN/KOTA",Peraturan Komisi Pemilihan Umum Nomor 17 Tahun 2023,Peraturan
ARS-0039,PERATURAN BADAN/LEMBAGA,1,active,2023,PENYELENGGARAAN KEARSIPAN DI LINGKUNGAN SEKRETARIAT TETAP BADAN NASIONAL PENGELOLA PERBATASAN,Peraturan Badan Nasional Pengelola Perbatasan Nomor 1 Tahun 2023,Peraturan
ARS-0040,PERATURAN DAERAH,1,active,2023,Penyelenggaraan Kearsipan,Peraturan Daerah Kabupaten Padang Pariaman Nomor 1 Tahun 2023,Peraturan
ARS-0041,PERATURAN DAERAH,8,active,2023,PENYELENGGARAAN KEARSIPAN,Peraturan Daerah Provinsi Jambi Nomor 8 Tahun 2023,Peraturan
ARS-0042,PERATURAN DAERAH,1,active,2023,PENYELENGGARAAN KEARSIPAN,Peraturan Daerah Kabupaten Pamekasan Nomor 1 Tahun 2023,Peraturan
ARS-0043,PERATURAN BADAN/LEMBAGA,6,active,2023,SISTEM KLASIFIKASI KEAMANAN DAN AKSES ARSIP DINAMIS DI LINGKUNGAN BADAN PENGAWAS OBAT DAN MAKANAN,Peraturan Badan Pengawas Obat dan Makanan Nomor 6 Tahun 2023,Peraturan
ARS-0044,PERATURAN MENTERI,1,active,2022,SISTEM KLASIFIKASI KEAMANAN DAN AKSES ARSIP DINAMIS KEMENTERIAN KOORDINATOR BIDANG KEMARITIMAN DAN INVESTASI,Peraturan Menteri Koordinator Bidang Kemaritiman dan Investasi  Nomor 1 Tahun 2022,Peraturan
ARS-0045,PERATURAN MENTERI,5,active,2022,"PENGELOLAAN ARSIP DINAMIS, KLASIFIKASI ARSIP, JADWAL RETENSI ARSIP, SERTA SISTEM KLASIFIKASI KEAMANAN DAN AKSES ARSIP DINAMIS DI LINGKUNGAN KEMENTERIAN SOSIAL",Peraturan Menteri Sosial Nomor 5 Tahun 2022,Peraturan
ARS-0046,PERATURAN MENTERI,2,active,2022,JADWAL RETENSI ARSIP KEMENTERIAN KOORDINATOR BIDANG KEMARITIMAN DAN INVESTASI,Peraturan Menteri Koordinator Bidang Kemaritiman dan Investasi  Nomor 2 Tahun 2022,Peraturan
ARS-0047,PERATURAN MENTERI,3,active,2022,JADWAL RETENSI ARSIP KEMENTERIAN LUAR NEGERI DAN PERWAKILAN REPUBLIK INDONESIA,Peraturan Menteri Luar Negeri Nomor 3 Tahun 2022,Peraturan
ARS-0048,PERATURAN MENTERI,20,active,2022,"PENYELENGGARAAN KEARSIPAN KEMENTERIAN PENDIDIKAN, KEBUDAYAAN, RISET, DAN TEKNOLOGI","Peraturan Menteri Pendidikan, Kebudayaan, Riset, dan Teknologi Nomor 20 Tahun 2022",Peraturan
ARS-0049,PERATURAN MENTERI,12,active,2022,SISTEM KLASIFIKASI KEAMANAN DAN KLASIFIKASI AKSES ARSIP DINAMIS KEMENTERIAN LUAR NEGERI DAN PERWAKILAN REPUBLIK INDONESIA,Peraturan Menteri Luar Negeri Nomor 12 Tahun 2022,Peraturan
ARS-0050,PERATURAN MENTERI,4,active,2022,PENGELOLAAN ARSIP DINAMIS DI LINGKUNGAN KEMENTERIAN LUAR NEGERI DAN PERWAKILAN REPUBLIK INDONESIA,Peraturan Menteri Luar Negeri Nomor 4 Tahun 2022,Peraturan
ARS-0051,PERATURAN MENTERI,83,active,2022,KODE KLASIFIKASI ARSIP DI LINGKUNGAN KEMENTERIAN DALAM NEGERI DAN PEMERINTAH DAERAH,Peraturan Menteri Dalam Negeri Nomor 83 Tahun 2022,Peraturan
ARS-0052,PERATURAN MENTERI,12,active,2022,KLASIFIKASI ARSIP DI LINGKUNGAN KEMENTERIAN KOPERASI DAN USAHA KECIL DAN MENENGAH,Peraturan Menteri Koperasi dan UKM Nomor 12 Tahun 2022,Peraturan
ARS-0053,PERATURAN MENTERI,48,active,2022,PENYELENGGARAAN KEARSIPAN DI LINGKUNGAN KEMENTERIAN PERINDUSTRIAN,Peraturan Menteri Perindustrian Nomor 48 Tahun 2022,Peraturan
ARS-0054,PERATURAN MENTERI,1,active,2022,"JADWAL RETENSI ARSIP KEMENTERIAN DESA, PEMBANGUNAN DAERAH TERTINGGAL, DAN TRANSMIGRASI","Peraturan Menteri Desa, Pembangunan Daerah Tertinggal, dan Transmigrasi Nomor 1 Tahun 2022",Peraturan
ARS-0055,PERATURAN MENTERI,54,active,2022,KLASIFIKASI ARSIP KEMENTERIAN PERDAGANGAN,Peraturan Menteri Perdagangan Nomor 54 Tahun 2022,Peraturan
ARS-0056,PERATURAN MENTERI,152/PMK.01/2022,active,2022,PERUBAHAN ATAS PERATURAN MENTERI KEUANGAN NOMOR 196/PMK.01/2019 TENTANG PEDOMAN KEARSIPAN DI LINGKUNGAN KEMENTERIAN KEUANGAN,Peraturan Menteri Keuangan Nomor 152/PMK.01/2022  Tahun 2022,Peraturan
ARS-0057,PERATURAN MENTERI,5,active,2022,KLASIFIKASI ARSIP KEMENTERIAN HUKUM DAN HAK ASASI MANUSIA,Peraturan Menteri Hukum dan Hak Asasi Manusia Nomor 5 Tahun 2022,Peraturan
ARS-0058,PERATURAN MENTERI,13,active,2022,SISTEM KLASIFIKASI KEAMANAN DAN AKSES ARSIP DINAMIS DI LINGKUNGAN KEMENTERIAN KOPERASI DAN USAHA KECIL DAN MENENGAH,Peraturan Menteri Koperasi dan UKM Nomor 13 Tahun 2022,Peraturan
ARS-0059,PERATURAN MENTERI,48,active,2022,PENYELENGGARAAN KEARSIPAN DI LINGKUNGAN KEMENTERIAN PERDAGANGAN,Peraturan Menteri Perdagangan Nomor 48 Tahun 2022,Peraturan
ARS-0060,PERATURAN BADAN/LEMBAGA,11,active,2022,PAKAIAN DINAS PEGAWAI DI LINGKUNGAN ARSIP NASIONAL REPUBLIK INDONESIA,Peraturan Arsip Nasional Nomor 11 Tahun 2022,Peraturan
ARS-0061,PERATURAN BADAN/LEMBAGA,7,active,2022,PENYELENGGARAAN KEARSIPAN,Peraturan Badan Pengawas Tenaga Nuklir Nomor 7 Tahun 2022,Peraturan
ARS-0062,PERATURAN BADAN/LEMBAGA,7,active,2022,SISTEM KLASIFIKASI KEAMANAN DAN AKSES ARSIP DINAMIS DI LINGKUNGAN KEJAKSAAN REPUBLIK INDONESIA,Peraturan Kejaksaan Agung Nomor 7 Tahun 2022,Peraturan
ARS-0063,PERATURAN BADAN/LEMBAGA,6,active,2022,ORGANISASI DAN TATA KERJA ARSIP NASIONAL REPUBLIK INDONESIA,Peraturan Arsip Nasional Nomor 6 Tahun 2022,Peraturan
ARS-0064,PERATURAN BADAN/LEMBAGA,9,active,2022,JADWAL RETENSI ARSIP DI LINGKUNGAN KEJAKSAAN REPUBLIK INDONESIA,Peraturan Kejaksaan Agung Nomor 9 Tahun 2022,Peraturan
ARS-0065,PERATURAN BADAN/LEMBAGA,8,active,2022,JADWAL RETENSI ARSIP DI LINGKUNGAN ARSIP NASIONAL REPUBLIK INDONESIA,Peraturan Arsip Nasional Nomor 8 Tahun 2022,Peraturan
ARS-0066,PERATURAN BADAN/LEMBAGA,9,active,2022,"PENCABUTAN PERATURAN KEPALA BADAN NARKOTIKA NASIONAL NOMOR 14 TAHUN 2014 TENTANG PEDOMAN NILAI-NILAI ORGANISASI DALAM PENGEMBANGAN BUDAYA KERJA DI LINGKUNGAN BADAN NARKOTIKA NASIONAL, PERATURAN KEPALA BADAN NARKOTIKA NASIONAL NOMOR 7 TAHUN 2015 TENTANG RENCANA STRATEGIS BADAN NARKOTIKA NASIONAL TAHUN 2015-2019, PERATURAN KEPALA BADAN NARKOTIKA NASIONAL NOMOR 3 TAHUN 2016 TENTANG PELAKSANAAN PERTANGGUNGJAWABAN ANGGARAN DI LINGKUNGAN BADAN NARKOTIKA NASIONAL, PERATURAN KEPALA BADAN NARKOTIKA NASIONAL NOMOR 5 TAHUN 2016 TENTANG KLASIFIKASI ARSIP BADAN NARKOTIKA NASIONAL, PERATURAN BADAN NARKOTIKA NASIONAL NOMOR 5 TAHUN 2018 TENTANG REVIU RENCANA STRATEGIS BADAN NARKOTIKA NASIONAL TAHUN 2015- 2019, DAN PERATURAN BADAN NARKOTIKA NASIONAL NOMOR 6 TAHUN 2019 TENTANG PENYELENGGARAAN PENELITIAN",Peraturan Badan Narkotika Nasional Nomor 9 Tahun 2022,Peraturan
ARS-0067,PERATURAN BADAN/LEMBAGA,35,active,2022,PERUBAHAN ATAS PERATURAN BADAN PENGAWAS OBAT DAN MAKANAN NOMOR 3 TAHUN 2019 TENTANG JADWAL RETENSI ARSIP BADAN PENGAWAS OBAT DAN MAKANAN,Peraturan Badan Pengawas Obat dan Makanan Nomor 35 Tahun 2022,Peraturan
ARS-0068,PERATURAN BADAN/LEMBAGA,1,active,2022,PEDOMAN PENGELOLAAN ARSIP DINAMIS,Peraturan Badan Kepegawaian Negara Nomor 1 Tahun 2022,Peraturan
ARS-0069,PERATURAN BADAN/LEMBAGA,02,active,2022,PENYELENGGARAAN KEARSIPAN BADAN INTELIJEN NEGARA,Peraturan Badan Inteligen Negara Nomor 02 Tahun 2022,Peraturan
ARS-0070,PERATURAN BADAN/LEMBAGA,9,active,2022,KLASIFIKASI ARSIP DI LINGKUNGAN BADAN PANGAN NASIONAL,Peraturan Badan Pangan Nasional Nomor 9 Tahun 2022,Peraturan
ARS-0071,PERATURAN BADAN/LEMBAGA,4,active,2022,SISTEM KLASIFIKASI KEAMANAN DAN AKSES ARSIP DINAMIS  DI LINGKUNGAN BADAN PELINDUNGAN PEKERJA MIGRAN INDONESIA,Peraturan Badan Pelindungan Pekerja Migran Indonesia Nomor 4 Tahun 2022,Peraturan
ARS-0072,PERATURAN BADAN/LEMBAGA,8,active,2022,KLASIFIKASI ARSIP DI LINGKUNGAN KEJAKSAAN REPUBLIK INDONESIA,Peraturan Kejaksaan Agung Nomor 8 Tahun 2022,Peraturan
ARS-0073,PERATURAN BADAN/LEMBAGA,9,active,2022,KLASIFIKASI ARSIP DI LINGKUNGAN ARSIP NASIONAL REPUBLIK INDONESIA,Peraturan Arsip Nasional Nomor 9 Tahun 2022,Peraturan
ARS-0074,PERATURAN BADAN/LEMBAGA,2,active,2022,KLASIFIKASI ARSIP DI LINGKUNGAN BADAN PELINDUNGAN PEKERJA MIGRAN INDONESIA,Peraturan Badan Pelindungan Pekerja Migran Indonesia Nomor 2 Tahun 2022,Peraturan
ARS-0075,PERATURAN BADAN/LEMBAGA,13,active,2022,"PERUBAHAN ATAS PERATURAN BADAN METEOROLOGI, KLIMATOLOGI, DAN GEOFISIKA NOMOR 6 TAHUN 2019 TENTANG KLASIFIKASI ARSIP","Peraturan Badan Meteorologi,Klimatologi,dan Geofisika Nomor 13 Tahun 2022",Peraturan
ARS-0076,PERATURAN BADAN/LEMBAGA,8,active,2022,JADWAL RETENSI ARSIP DI LINGKUNGAN KOMISI PENGAWAS PERSAINGAN USAHA,Peraturan Komisi Pengawas Persaingan Usaha Nomor 8 Tahun 2022,Peraturan
ARS-0077,PERATURAN BADAN/LEMBAGA,7,active,2022,SISTEM KLASIFIKASI KEAMANAN DAN AKSES ARSIP DINAMIS,"Peraturan Badan Meteorologi,Klimatologi,dan Geofisika Nomor 7 Tahun 2022",Peraturan
ARS-0078,PERATURAN BADAN/LEMBAGA,3,active,2022,JADWAL RETENSI ARSIP DI LINGKUNGAN BADAN PELINDUNGAN PEKERJA MIGRAN INDONESIA,Peraturan Badan Pelindungan Pekerja Migran Indonesia Nomor 3 Tahun 2022,Peraturan
ARS-0079,PERATURAN DAERAH,9,active,2022,PENYELENGGARAAN KEARSIPAN,Peraturan Daerah Kabupaten Brebes Nomor 9 Tahun 2022,Peraturan
ARS-0080,PERATURAN MENTERI,7,active,2021,PENGELOLAAN ARSIP DINAMIS,Peraturan Menteri Koperasi dan UKM Nomor 7 Tahun 2021,Peraturan
ARS-0081,PERATURAN MENTERI,27,active,2021,SISTEM KLASIFIKASI KEAMANAN DAN AKSES ARSIP DINAMIS,Peraturan Menteri Pekerjaan Umum dan Perumahan Rakyat Nomor 27 Tahun 2021,Peraturan
ARS-0082,PERATURAN MENTERI,14,active,2021,"PERUBAHAN KEDUA ATAS PERATURAN MENTERI DESA, PEMBANGUNAN DAERAH TERTINGGAL, DAN TRANSMIGRASI NOMOR 2 TAHUN 2017 TENTANG SISTEM KLASIFIKASI KEAMANAN DAN HAK AKSES ARSIP DINAMIS DI LINGKUNGAN KEMENTERIAN DESA, PEMBANGUNAN DAERAH TERTINGGAL, DAN TRANSMIGRASI","Peraturan Menteri Desa, Pembangunan Daerah Tertinggal, dan Transmigrasi Nomor 14 Tahun 2021",Peraturan
ARS-0083,PERATURAN MENTERI,10,active,2021,"PERUBAHAN KEDUA ATAS PERATURAN MENTERI DESA, PEMBANGUNAN DAERAH TERTINGGAL, DAN TRANSMIGRASI NOMOR 1 TAHUN 2017 TENTANG POLA KLASIFIKASI ARSIP DI LINGKUNGAN KEMENTERIAN DESA, PEMBANGUNAN DAERAH TERTINGGAL, DAN TRANSMIGRASI","Peraturan Menteri Desa, Pembangunan Daerah Tertinggal, dan Transmigrasi Nomor 10 Tahun 2021",Peraturan
ARS-0084,PERATURAN MENTERI,13,active,2021,"PERUBAHAN ATAS PERATURAN MENTERI DESA, PEMBANGUNAN DAERAH TERTINGGAL, DAN TRANSMIGRASI NOMOR 2 TAHUN 2018 TENTANG PEDOMAN PENGELOLAAN ARSIP DINAMIS DI LINGKUNGAN KEMENTERIAN DESA, PEMBANGUNAN DAERAH TERTINGGAL, DAN TRANSMIGRASI","Peraturan Menteri Desa, Pembangunan Daerah Tertinggal, dan Transmigrasi Nomor 13 Tahun 2021",Peraturan
ARS-0085,PERATURAN MENTERI,3,active,2021,KLASIFIKASI ARSIP KEMENTERIAN KOORDINATOR BIDANG KEMARITIMAN DAN INVESTASI,Peraturan Menteri Koordinator Bidang Kemaritiman dan Investasi  Nomor 3 Tahun 2021,Peraturan
ARS-0086,PERATURAN MENTERI,15,active,2021,PENGELOLAAN ARSIP DINAMIS DI LINGKUNGAN KEMENTERIAN PERTAHANAN,Peraturan Menteri Pertahanan Nomor 15 Tahun 2021,Peraturan
ARS-0087,PERATURAN MENTERI,8,active,2021,PENYELENGGARAAN KEARSIPAN DI LINGKUNGAN KEMENTERIAN KELAUTAN DAN PERIKANAN,Peraturan Menteri Kelautan dan Perikanan Nomor 8 Tahun 2021,Peraturan
ARS-0088,PERATURAN MENTERI,26,active,2021,JADWAL RETENSI ARSIP,Peraturan Menteri Pekerjaan Umum dan Perumahan Rakyat Nomor 26 Tahun 2021,Peraturan
ARS-0089,PERATURAN MENTERI,9,active,2021,"KLASIFIKASI ARSIP, JADWAL RETENSI ARSIP, DAN SISTEM KLASIFIKASI KEAMANAN DAN AKSES ARSIP DINAMIS DI LINGKUNGAN KEMENTERIAN KELAUTAN DAN PERIKANAN",Peraturan Menteri Kelautan dan Perikanan Nomor 9 Tahun 2021,Peraturan
ARS-0090,PERATURAN MENTERI,26,active,2021,PENYELENGGARAAN KEARSIPAN DINAMIS KEMENTERIAN KETENAGAKERJAAN,Peraturan Menteri Ketenagakerjaan Nomor 26 Tahun 2021,Peraturan
ARS-0091,PERATURAN MENTERI,10,active,2021,PENYELENGGARAAN KEARSIPAN DI LINGKUNGAN KEMENTERIAN PEMBERDAYAAN PEREMPUAN DAN PERLINDUNGAN ANAK,Peraturan Menteri Pemberdayaan Perempuan dan Perlindungan Anak Nomor 10 Tahun 2021,Peraturan
ARS-0092,PERATURAN BADAN/LEMBAGA,6,active,2021,TATA NASKAH DINAS DAN KLASIFIKASI ARSIP BADAN PENGAWAS TENAGA NUKLIR,Peraturan Badan Pengawas Tenaga Nuklir Nomor 6 Tahun 2021,Peraturan
ARS-0093,PERATURAN BADAN/LEMBAGA,6,active,2021,STANDAR OPERASIONAL PROSEDUR ADMINISTRASI PEMERINTAHAN DI LINGKUNGAN BADAN NASIONAL PENCARIAN DAN PERTOLONGAN,Peraturan Badan Nasional Pencarian dan Pertolongan Nomor 6 Tahun 2021,Peraturan
ARS-0094,PERATURAN BADAN/LEMBAGA,1,active,2021,PEDOMAN TATA NASKAH DINAS,Peraturan Badan Amil Zakat Nasional Nomor 1 Tahun 2021,Peraturan
ARS-0095,PERATURAN BADAN/LEMBAGA,6,active,2021,PENGELOLAAN ARSIP ELEKTRONIK,Peraturan Arsip Nasional Nomor 6 Tahun 2021,Peraturan
ARS-0096,PERATURAN BADAN/LEMBAGA,20,active,2021,PENYELENGGARAAN PROGRAM REGISTRASI ARSIP SEBAGAI MEMORI KOLEKTIF BANGSA,Peraturan Arsip Nasional Nomor 20 Tahun 2021,Peraturan
ARS-0097,PERATURAN BADAN/LEMBAGA,8,active,2021,"PERUBAHAN ATAS PERATURAN KOMISI PEMILIHAN UMUM NOMOR 2 TAHUN 2021 TENTANG TATA NASKAH DINAS KOMISI PEMILIHAN UMUM, KOMISI PEMILIHAN UMUM PROVINSI, DAN KOMISI PEMILIHAN UMUM KABUPATEN/KOTA",Peraturan Komisi Pemilihan Umum Nomor 8 Tahun 2021,Peraturan
ARS-0098,PERATURAN BADAN/LEMBAGA,7,active,2021,SISTEM KLASIFIKASI KEAMANAN DAN AKSES ARSIP DINAMIS KOMISI PEMILIHAN UMUM,Peraturan Komisi Pemilihan Umum Nomor 7 Tahun 2021,Peraturan
ARS-0099,PERATURAN BADAN/LEMBAGA,4,active,2021,PEDOMAN PENERAPAN SISTEM INFORMASI KEARSIPAN DINAMIS TERINTEGRASI,Peraturan Arsip Nasional Nomor 4 Tahun 2021,Peraturan
ARS-0100,PERATURAN BADAN/LEMBAGA,27,active,2021,JARINGAN DOKUMENTASI DAN INFORMASI HUKUM BADAN KEAMANAN LAUT REPUBLIK INDONESIA,Peraturan Badan Keamanan Laut Nomor 27 Tahun 2021,Peraturan
ARS-0101,PERATURAN BADAN/LEMBAGA,15,active,2021,PEDOMAN PENGELOLAAN ARSIP TERJAGA PERPUSTAKAAN NASIONAL,Peraturan Perpustakaan Nasional Nomor 15 Tahun 2021,Peraturan
ARS-0102,PERATURAN BADAN/LEMBAGA,5,active,2021,PEDOMAN UMUM TATA NASKAH DINAS,Peraturan Arsip Nasional Nomor 5 Tahun 2021,Peraturan
ARS-0103,PERATURAN BADAN/LEMBAGA,14,active,2021,PEDOMAN PROGRAM ARSIP VITAL PERPUSTAKAAN NASIONAL,Peraturan Perpustakaan Nasional Nomor 14 Tahun 2021,Peraturan
ARS-0104,PERATURAN BADAN/LEMBAGA,6,active,2021,PENYELENGGARAAN KEARSIPAN KOMISI NASIONAL HAK ASASI MANUSIA,Peraturan Komisi Nasional Hak Asasi Manusia Nomor 6 Tahun 2021,Peraturan
ARS-0105,PERATURAN BADAN/LEMBAGA,1,active,2021,"KLASIFIKASI ARSIP, JADWAL RETENSI ARSIP, DAN SISTEM KLASIFIKASI KEAMANAN DAN AKSES ARSIP DINAMIS DI LINGKUNGAN BADAN NASIONAL PENANGGULANGAN BENCANA",Peraturan Badan Nasional Penanggulangan Bencana Nomor 1 Tahun 2021,Peraturan
ARS-0106,PERATURAN DAERAH,2,active,2021,PENYELENGGARAAN KEARSIPAN,Peraturan Daerah Kabupaten Bondowoso Nomor 2 Tahun 2021,Peraturan
ARS-0107,PERATURAN DAERAH,1,active,2021,PENYELENGGARAAN KEARSIPAN,Peraturan Daerah Kota Depok Nomor 1 Tahun 2021,Peraturan
ARS-0108,PERATURAN MENTERI,2,active,2020,PENYELENGGARAAN KEARSIPAN DI LINGKUNGAN KEMENTERIAN ENERGI DAN SUMBER DAYA MINERAL,Peraturan Menteri Energi Dan Sumber Daya Mineral Nomor 2 Tahun 2020,Peraturan
ARS-0109,PERATURAN MENTERI,8,active,2020,JADWAL RETENSI ARSIP DI  LINGKUNGAN KEMENTERIAN AGRARIA DAN TATA RUANG/BADAN PERTANAHAN NASIONAL,Peraturan Menteri Agraria dan Tata Ruang/Badan Pertanahan Nasional Nomor 8 Tahun 2020,Peraturan
ARS-0110,PERATURAN MENTERI,73,active,2020,SISTEM KLASIFIKASI KEAMANAN DAN AKSES ARSIP DINAMIS DI LINGKUNGAN KEMENTERIAN PERDAGANGAN,Peraturan Menteri Perdagangan Nomor 73 Tahun 2020,Peraturan
ARS-0111,PERATURAN MENTERI,1,active,2020,PEDOMAN PENGELOLAAN ARSIP DINAMIS DI LINGKUNGAN KEMENTERIAN KOORDINATOR BIDANG KEMARITIMAN DAN INVESTASI,Peraturan Menteri Koordinator Bidang Kemaritiman dan Investasi  Nomor 1 Tahun 2020,Peraturan
ARS-0112,PERATURAN MENTERI,15,active,2020,PENCABUTAN PERATURAN MENTERI ENERGI DAN SUMBER DAYA MINERAL TERKAIT JADWAL RETENSI ARSIP DI LINGKUNGAN KEMENTERIAN ENERGI DAN SUMBER DAYA MINERAL,Peraturan Menteri Energi Dan Sumber Daya Mineral Nomor 15 Tahun 2020,Peraturan
ARS-0113,PERATURAN MENTERI,3,superseded,2020,TATA NASKAH DINAS KEMENTERIAN PEMUDA DAN OLAHRAGA,Peraturan Menteri Pemuda dan Olahraga Nomor 3 Tahun 2020,Peraturan
ARS-0114,PERATURAN MENTERI,65,active,2020,PENGELOLAAN ARSIP DINAMIS DI LINGKUNGAN KEMENTERIAN DALAM NEGERI,Peraturan Menteri Dalam Negeri Nomor 65 Tahun 2020,Peraturan
ARS-0115,PERATURAN MENTERI,7,active,2020,SISTEM KLASIFIKASI KEAMANAN DAN AKSES ARSIP DINAMIS KOMISI NASIONAL HAK ASASI MANUSIA,Peraturan Komisi Nasional Hak Asasi Manusia Nomor 7 Tahun 2020,Peraturan
ARS-0116,PERATURAN BADAN/LEMBAGA,4,active,2020,KLASIFIKASI ARSIP KOMISI NASIONAL HAK ASASI MANUSIA,Peraturan Komisi Nasional Hak Asasi Manusia Nomor 4 Tahun 2020,Peraturan
ARS-0117,PERATURAN BADAN/LEMBAGA,14,active,2020,JADWAL RETENSI ARSIP,Peraturan Badan Pengawas Pemilihan Umum Nomor 14 Tahun 2020,Peraturan
ARS-0118,PERATURAN BADAN/LEMBAGA,6,active,2020,JADWAL RETENSI ARSIP KOMISI NASIONAL HAK ASASI MANUSIA,Peraturan Komisi Nasional Hak Asasi Manusia Nomor 6 Tahun 2020,Peraturan
ARS-0119,PERATURAN BADAN/LEMBAGA,19,active,2020,JADWAL RETENSI ARSIP DI LINGKUNGAN BADAN KEPEGAWAIAN NEGARA,Peraturan Badan Kepegawaian Negara Nomor 19 Tahun 2020,Peraturan
ARS-0120,PERATURAN BADAN/LEMBAGA,4,active,2020,KLASIFIKASI ARSIP DI LINGKUNGAN LEMBAGA PERLINDUNGAN SAKSI DAN KORBAN,Peraturan Lembaga Perlindungan Saksi dan Korban Nomor 4 Tahun 2020,Peraturan
ARS-0121,PERATURAN BADAN/LEMBAGA,12,active,2020,JADWAL RETENSI ARSIP BADAN KOORDINASI PENANAMAN MODAL,Peraturan Badan Koordinasi Penanaman Modal Nomor 12 Tahun 2020,Peraturan
ARS-0122,PERATURAN BADAN/LEMBAGA,10,active,2020,PEDOMAN PENGELOLAAN ARSIP DINAMIS,Peraturan Badan Pengawas Pemilihan Umum Nomor 10 Tahun 2020,Peraturan
ARS-0123,PERATURAN BADAN/LEMBAGA,6,active,2020,SISTEM KLASIFIKASI KEAMANAN DAN AKSES ARSIP DINAMIS DI LINGKUNGAN LEMBAGA PERLINDUNGAN SAKSI DAN KORBAN,Peraturan Lembaga Perlindungan Saksi dan Korban Nomor 6 Tahun 2020,Peraturan
ARS-0124,PERATURAN BADAN/LEMBAGA,9,active,2020,PENGELOLAAN ARSIP DINAMIS PERPUSTAKAAN NASIONAL,Peraturan Perpustakaan Nasional Nomor 9 Tahun 2020,Peraturan
ARS-0125,PERATURAN BADAN/LEMBAGA,13,active,2020,SISTEM KLASIFIKASI KEAMANAN DAN AKSES ARSIP DINAMIS BADAN KOORDINASI PENANAMAN MODAL,Peraturan Badan Koordinasi Penanaman Modal Nomor 13 Tahun 2020,Peraturan
ARS-0126,PERATURAN BADAN/LEMBAGA,11,active,2020,KLASIFIKASI ARSIP,Peraturan Badan Pengawas Pemilihan Umum Nomor 11 Tahun 2020,Peraturan
ARS-0127,PERATURAN BADAN/LEMBAGA,17,active,2020,SISTEM KLASIFIKASI KEAMANAN DAN AKSES ARSIP DINAMIS DI LINGKUNGAN BADAN KEPEGAWAIAN NEGARA,Peraturan Badan Kepegawaian Negara Nomor 17 Tahun 2020,Peraturan
ARS-0128,PERATURAN BADAN/LEMBAGA,11,active,2020,KLASIFIKASI ARSIP BADAN KOORDINASI PENANAMAN MODAL,Peraturan Badan Koordinasi Penanaman Modal Nomor 11 Tahun 2020,Peraturan
ARS-0129,PERATURAN BADAN/LEMBAGA,11,active,2020,PEDOMAN SISTEM KLASIFIKASI KEAMANAN DAN AKSES ARSIP DINAMIS DI LEMBAGA KEBIJAKAN PENGADAAN BARANG/JASA PEMERINTAH,Peraturan Lembaga Kebijakan Pengadaan Barang/Jasa Pemerintah Nomor 11 Tahun 2020,Peraturan
ARS-0130,PERATURAN BADAN/LEMBAGA,12,active,2020,PERUBAHAN ATAS PERATURAN BADAN PENGAWAS PEMILIHAN UMUM NOMOR 32 TAHUN 2018 TENTANG SISTEM KLASIFIKASI KEAMANAN DAN AKSES ARSIP DINAMIS BADAN PENGAWAS PEMILIHAN UMUM,Peraturan Badan Pengawas Pemilihan Umum Nomor 12 Tahun 2020,Peraturan
ARS-0131,PERATURAN DAERAH,62,active,2020,PETUNJUK PELAKSANAAN PERATURAN DAERAH KABUPATEN LUMAJANG NOMOR 13 TAHUN 2017 TENTANG PENYELENGGARAAN KEARSIPAN,Peraturan Daerah kabupaten Lumajang Nomor 62 Tahun 2020,Peraturan
ARS-0132,PERATURAN MENTERI,3,active,2019,Sistem Klasifikasi Keamanan dan Akses Arsip Dinamis di Lingkungan Kementerian Koordinator Bidang Perekonomian,Peraturan Menteri Koordinator Bidang Perekonomian Nomor 3 Tahun 2019,Peraturan
ARS-0133,PERATURAN MENTERI,14,active,2019,TENTANG JADWAL RETENSI ARSIP KEMENTERIAN PEMBERDAYAAN PEREMPUAN DAN PERLINDUNGAN ANAK,Peraturan Menteri Pemberdayaan Perempuan dan Perlindungan Anak Nomor 14 Tahun 2019,Peraturan
ARS-0134,PERATURAN MENTERI,15,active,2019,JADWAL RETENSI ARSIP DI LINGKUNGAN KEMENTERIAN PARIWISATA,Peraturan Menteri Pariwisata Nomor 15 Tahun 2019,Peraturan
ARS-0135,PERATURAN MENTERI,PER-06/MBU/10/2019,active,2019,PERUBAHAN ATAS PERATURAN MENTERI BADAN USAHA MILIK NEGARA NOMOR PER-04/MBU/03/2018 TENTANG PENYELENGGARAAN ARSIP DINAMIS DI LINGKUNGAN KEMENTERIAN BADAN USAHA MILIK NEGARA,Peraturan Menteri Badan Usaha Milik Negara Nomor PER-06/MBU/10/2019 Tahun 2019,Peraturan
ARS-0136,PERATURAN MENTERI,1,active,2019,SISTEM KLASIFIKASI KEAMANAN DAN AKSES ARSIP DINAMIS DI LINGKUNGAN KEMENTERIAN PERENCANAAN PEMBANGUNAN NASIONAL/ BADAN PERENCANAAN PEMBANGUNAN NASIONAL,Peraturan Menteri Perencanaan Pembangunan Nasional / Badan Perencanaan Pembangunan Nasional Nomor 1 Tahun 2019,Peraturan
ARS-0137,PERATURAN MENTERI,24,superseded,2019,PEDOMAN PENYELENGGARAAN KEARSIPAN DI LINGKUNGAN KEMENTERIAN PERTAHANAN DAN TENTARA NASIONAL INDONESIA,Peraturan Menteri Pertahanan Nomor 24 Tahun 2019,Peraturan
ARS-0138,PERATURAN MENTERI,8,active,2019,"PERUBAHAN ATAS PERATURAN MENTERI DESA, PEMBANGUNAN DAERAH TERTINGGAL, DAN TRANSMIGRASI NOMOR 3 TAHUN 2017 TENTANG PEDOMAN JADWAL RETENSI ARSIP KEMENTERIAN DESA, PEMBANGUNAN  DAERAH TERTINGGAL, DAN TRANSMIGRASI","Peraturan Menteri Desa, Pembangunan Daerah Tertinggal, dan Transmigrasi Nomor 8 Tahun 2019",Peraturan
ARS-0139,PERATURAN MENTERI,9,active,2019,"PERUBAHAN ATAS PERATURAN MENTERI DESA, PEMBANGUNAN DAERAH TERTINGGAL, DAN TRANSMIGRASI NOMOR 1 TAHUN 2017 TENTANG POLA KLASIFIKASI ARSIP DI LINGKUNGAN KEMENTERIAN DESA, PEMBANGUNAN DAERAH TERTINGGAL, DAN TRANSMIGRASI","Peraturan Menteri Desa, Pembangunan Daerah Tertinggal, dan Transmigrasi Nomor 9 Tahun 2019",Peraturan
ARS-0140,PERATURAN MENTERI,8,active,2019,KLASIFIKASI ARSIP KEMENTERIAN PEMUDA DAN OLAHRAGA,Peraturan Menteri Pemuda dan Olahraga Nomor 8 Tahun 2019,Peraturan
ARS-0141,PERATURAN MENTERI,3,active,2019,"SISTEM KLASIFIKASI KEAMANAN DAN AKSES ARSIP DINAMIS DI KEMENTERIAN KOORDINATOR BIDANG POLITIK, HUKUM, DAN KEAMANAN","Peraturan Menteri Koordinator Bidang Politik, Hukum, Dan Keamanan Nomor 3 Tahun 2019",Peraturan
ARS-0142,PERATURAN MENTERI,16,active,2019,KLASIFIKASI KEAMANAN DAN AKSES ARSIP DINAMIS KEMENTERIAN PEMBERDAYAAN PEREMPUAN DAN PERLINDUNGAN ANAK,Peraturan Menteri Pemberdayaan Perempuan dan Perlindungan Anak Nomor 16 Tahun 2019,Peraturan
ARS-0143,PERATURAN MENTERI,196/PMK.01/2019,active,2019,PEDOMAN KEARSIPAN DI LINGKUNGAN KEMENTERIAN KEUANGAN,Peraturan Menteri Keuangan Nomor 196/PMK.01/2019 Tahun 2019,Peraturan
ARS-0144,PERATURAN MENTERI,4,active,2019,"PENYELENGGARAAN KEARSIPAN DI KEMENTERIAN KOORDINATOR BIDANG POLITIK, HUKUM, KEAMANAN","Peraturan Menteri Koordinator Bidang Politik, Hukum, Dan Keamanan Nomor 4 Tahun 2019",Peraturan
ARS-0145,PERATURAN MENTERI,6,active,2019,JADWAL RETENSI ARSIP KEMENTERIAN PEMUDA DAN OLAHRAGA,Peraturan Menteri Pemuda dan Olahraga Nomor 6 Tahun 2019,Peraturan
ARS-0146,PERATURAN MENTERI,41,active,2019,PENGARSIPAN FILM,Peraturan Menteri Pendidikan dan Kebudayaan Nomor 41 Tahun 2019,Peraturan
ARS-0147,PERATURAN MENTERI,P.55/MENLHK/SETJEN/KUM.1/9/2019,active,2019,PENGELOLAAN ARSIP VITAL DI KEMENTERIAN LINGKUNGAN HIDUP DAN KEHUTANAN,Peraturan Menteri Lingkungan Hidup dan Kehutanan Nomor P.55/MENLHK/SETJEN/KUM.1/9/2019 Tahun 2019,Peraturan
ARS-0148,PERATURAN MENTERI,2,active,2019,"JADWAL RETENSI ARSIP SUBSTANTIF DI KEMENTERIAN KOORDINATOR BIDANG POLITIK, HUKUM, DAN KEAMANAN","Peraturan Menteri Koordinator Bidang Politik, Hukum, Dan Keamanan Nomor 2 Tahun 2019",Peraturan
ARS-0149,PERATURAN MENTERI,16,active,2019,PELAKSANAAN PENGADAAN ALAT PERALATAN PERTAHANAN DAN KEAMANAN DI LINGKUNGAN KEMENTERIAN PERTAHANAN DAN TENTARA NASIONAL INDONESIA,Peraturan Menteri Perdagangan Nomor 16 Tahun 2019,Peraturan
ARS-0150,PERATURAN MENTERI,15,active,2019,KLASIFIKASI ARSIP KEMENTERIAN PEMBERDAYAAN PEREMPUAN DAN PERLINDUNGAN ANAK,Peraturan Menteri Pemberdayaan Perempuan dan Perlindungan Anak Nomor 15 Tahun 2019,Peraturan
ARS-0151,PERATURAN MENTERI,7,active,2019,SISTEM KLASIFIKASI KEAMANAN DAN AKSES ARSIP DINAMIS KEMENTERIAN PEMUDA DAN OLAHRAGA,Peraturan Menteri Pemuda dan Olahraga Nomor 7 Tahun 2019,Peraturan
ARS-0152,PERATURAN MENTERI,7,active,2019,"PERUBAHAN ATAS PERATURAN MENTERI DESA, PEMBANGUNAN DAERAH TERTINGGAL, DAN TRANSMIGRASI NOMOR 2 TAHUN 2017 TENTANG SISTEM KLASIFIKASI KEAMANAN DAN HAK AKSES ARSIP DINAMIS DI LINGKUNGAN KEMENTERIAN DESA, PEMBANGUNAN DAERAH TERTINGGAL, DAN TRANSMIGRASI","Peraturan Menteri Desa, Pembangunan Daerah Tertinggal, dan Transmigrasi Nomor 7 Tahun 2019",Peraturan
ARS-0153,PERATURAN MENTERI,23,active,2019,KLASIFIKASI ARSIP KEMENTERIAN PENDIDIKAN DAN KEBUDAYAAN,Peraturan Menteri Pendidikan dan Kebudayaan Nomor 23 Tahun 2019,Peraturan
ARS-0154,PERATURAN MENTERI,17,active,2019,PENCABUTAN ATAS PERATURAN MENTERI KEBUDAYAAN DAN PARIWISATA NOMOR PM.63/UM.001/MKP/2009 TENTANG PEDOMAN PELAKSANAAN TATA KEARSIPAN DI LINGKUNGAN KEMENTERIAN KEBUDAYAAN DAN PARIWISATA,Peraturan Menteri Pariwisata Nomor 17 Tahun 2019,Peraturan
ARS-0155,PERATURAN BADAN/LEMBAGA,13,active,2019,JADWAL RETENSI ARSIP,Peraturan Badan Informasi Geospasial Nomor 13 Tahun 2019,Peraturan
ARS-0156,PERATURAN BADAN/LEMBAGA,6,active,2019,SISTEM KLASIFIKASI KEAMANAN DAN AKSES ARSIP DINAMIS,Peraturan Perpustakaan Nasional Nomor 6 Tahun 2019,Peraturan
ARS-0157,PERATURAN BADAN/LEMBAGA,17,active,2019,JADWAL RETENSI ARSIP BADAN STANDARDISASI NASIONAL,Peraturan Badan Standardisasi Nasional Nomor 17 Tahun 2019,Peraturan
ARS-0158,PERATURAN BADAN/LEMBAGA,3,active,2019,KLASIFIKASI ARSIP DI LINGKUNGAN BADAN KEPEGAWAIAN NEGARA,Peraturan Badan Kepegawaian Negara Nomor 3 Tahun 2019,Peraturan
ARS-0159,PERATURAN BADAN/LEMBAGA,5,active,2019,PEDOMAN JADWAL RETENSI ARSIP SUBSTANTIF PERPUSTAKAAN NASIONAL,Peraturan Perpustakaan Nasional Nomor 5 Tahun 2019,Peraturan
ARS-0160,PERATURAN BADAN/LEMBAGA,11,active,2019,JADWAL RETENSI ARSIP DI LINGKUNGAN BADAN PENGAWAS TENAGA NUKLIR,Peraturan Badan Pengawas Tenaga Nuklir Nomor 11 Tahun 2019,Peraturan
ARS-0161,PERATURAN BADAN/LEMBAGA,19,active,2019,PETUNJUK PELAKSANAAN SISTEM KLASIFIKASI KEAMANAN DAN AKSES ARSIP DINAMIS DI LINGKUNGAN BADAN STANDARDISASI NASIONAL,Peraturan Badan Standardisasi Nasional Nomor 19 Tahun 2019,Peraturan
ARS-0162,PERATURAN BADAN/LEMBAGA,6,active,2019,PENGAWASAN KEARSIPAN,Peraturan Arsip Nasional Nomor 6 Tahun 2019,Peraturan
ARS-0163,PERATURAN BADAN/LEMBAGA,4,active,2019,PEDOMAN PENILAIAN KERUSAKAN ARSIP KERTAS,Peraturan Arsip Nasional Nomor 4 Tahun 2019,Peraturan
ARS-0164,PERATURAN BADAN/LEMBAGA,4,active,2019,SISTEM KLASIFIKASI KEAMANAN DAN AKSES ARSIP DINAMIS DI LINGKUNGAN BADAN PENGAWAS OBAT DAN MAKANAN,Peraturan Badan Pengawas Obat dan Makanan Nomor 4 Tahun 2019,Peraturan
ARS-0165,PERATURAN BADAN/LEMBAGA,3,active,2019,SISTEM KLASIFIKASI KEAMANAN DAN AKSES ARSIP DINAMIS DI LINGKUNGAN BADAN PENGAWAS TENAGA NUKLIR,Peraturan Badan Pengawas Tenaga Nuklir Nomor 3 Tahun 2019,Peraturan
ARS-0166,PERATURAN BADAN/LEMBAGA,6,active,2019,KLASIFIKASI ARSIP,"Peraturan Badan Meteorologi,Klimatologi,dan Geofisika Nomor 6 Tahun 2019",Peraturan
ARS-0167,PERATURAN BADAN/LEMBAGA,3,active,2019,JADWAL RETENSI ARSIP BADAN PENGAWAS OBAT DAN MAKANAN,Peraturan Badan Pengawas Obat dan Makanan Nomor 3 Tahun 2019,Peraturan
ARS-0168,PERATURAN BADAN/LEMBAGA,5,active,2019,TATA CARA PENGANGKATAN PEGAWAI NEGERI SIPIL DALAM JABATAN FUNGSIONAL ARSIPARIS MELALUI PENYESUAIAN/INPASSING,Peraturan Arsip Nasional Nomor 5 Tahun 2019,Peraturan
ARS-0169,PERATURAN BADAN/LEMBAGA,3,active,2019,PEDOMAN PENGELOLAAN KEARSIPAN BADAN NASIONAL PENCARIAN DAN PERTOLONGAN,Peraturan Badan Nasional Pencarian dan Pertolongan Nomor 3 Tahun 2019,Peraturan
ARS-0170,PERATURAN BADAN/LEMBAGA,1,active,2019,JADWAL RETENSI ARSIP BADAN PUSAT STATISTIK,Peraturan Kepala Badan Pusat Statistik Nomor 1 Tahun 2019,Peraturan
ARS-0171,PERATURAN DAERAH,5,active,2019,PENYELENGGARAAN KEARSIPAN,Peraturan Daerah Kabupaten Bandung Barat Nomor 5 Tahun 2019,Peraturan
ARS-0172,PERATURAN DAERAH,027,active,2019,JADWAL RETENSI ARSIP,Peraturan Daerah Kota Bandung Nomor 027 Tahun 2019,Peraturan
ARS-0173,PERATURAN DAERAH,7,active,2019,Penyelenggaraan Kearsipan,Peraturan Daerah Provinsi Kalimantan Utara Nomor 7 Tahun 2019,Peraturan
ARS-0174,PERATURAN DAERAH,32,active,2019,SISTEM KLASIFIKASI KEAMANAN DAN AKSES ARSIP DINAMIS,Peraturan Daerah Kota Cirebon Nomor 32 Tahun 2019,Peraturan
ARS-0175,PERATURAN PEMERINTAH,53,active,2019,JENIS DAN TARIF ATAS JENIS PENERIMAAN NEGARA BUKAN PAJAK YANG BERLAKU PADA ARSIP NASIONAL REPUBLIK INDONESIA,Peraturan Pemerintah Nomor 53 Tahun 2019,Peraturan
ARS-0176,PERATURAN MENTERI,2,active,2018,"Pedoman Pengelolaan Arsip Dinamis di Lingkungan Kementerian Desa, Pembangunan Daerah Tertinggal, dan Transmigrasi","Peraturan Menteri Desa, Pembangunan Daerah Tertinggal, dan Transmigrasi Nomor 2 Tahun 2018",Peraturan
ARS-0177,PERATURAN MENTERI,03/PER/M.KUKM/III/2018,active,2018,Jadwal Retensi Arsip Substantif di Lingkungan Kementerian Koperasi dan Usaha Kecil dan Menengah,Peraturan Menteri Koperasi dan UKM Nomor 03/PER/M.KUKM/III/2018 Tahun 2018,Peraturan
ARS-0178,PERATURAN MENTERI,PER-04/MBU/03/2018,active,2018,Penyelenggaraan Arsip Dinamis di Lingkungan Kementerian Badan Usaha Milik Negara,Peraturan Menteri Badan Usaha Milik Negara Nomor PER-04/MBU/03/2018 Tahun 2018,Peraturan
ARS-0179,PERATURAN MENTERI,05,active,2018,Klasifikasi Keamanan dan Akses Arsip Dinamis di Lingkungan Kementerian Koperasi dan Usaha Kecil dan Menengah,Peraturan Menteri Koperasi dan UKM Nomor 05 Tahun 2018,Peraturan
ARS-0180,PERATURAN MENTERI,10,active,2018,Klasifikasi Arsip di Lingkungan Kementerian Agraria dan Tata Ruang/Badan Pertanahan Nasional,Peraturan Menteri Agraria dan Tata Ruang/Badan Pertanahan Nasional Nomor 10 Tahun 2018,Peraturan
ARS-0181,PERATURAN MENTERI,16/PRT/M/2018,active,2018,Klasifikasi Arsip Kementerian Pekerjaan Umum dan Perumahan Rakyat,Peraturan Menteri Pekerjaan Umum dan Perumahan Rakyat Nomor 16/PRT/M/2018 Tahun 2018,Peraturan
ARS-0182,PERATURAN MENTERI,24,active,2018,Klasifikasi Arsip di Lingkungan Kementerian Pendayagunaan Aparatur Negara dan Reformasi Birokrasi,Peraturan Menteri Pendayagunaan Aparatur Negara dan Reformasi Birokrasi Nomor 24 Tahun 2018,Peraturan
ARS-0183,PERATURAN MENTERI,21,active,2018,Pedoman Tata Kearsipan Dinamis di Lingkungan Kementerian Kesehatan,Peraturan Menteri Kesehatan Nomor 21 Tahun 2018,Peraturan
ARS-0184,PERATURAN MENTERI,5,active,2018,Klasifikasi Arsip Kementerian Koordinator Bidang Kemaritiman,Peraturan Menteri Koordinator Bidang Kemaritiman Nomor 5 Tahun 2018,Peraturan
ARS-0185,PERATURAN MENTERI,23,active,2018,"Klasifikasi Arsip, Jadwal Retensi Arsip, dan Sistem Klasifikasi Keamanan dan Akses Arsip Dinamis di Lingkungan Kementerian Riset, Teknologi, dan Pendidikan Tinggi","Peraturan Menteri Riset, Teknologi, dan Pendidikan Tinggi Nomor 23 Tahun 2018",Peraturan
ARS-0186,PERATURAN MENTERI,P.85/MENLHK/SETJEN/KUM.1/8/2018,active,2018,Sistem Klasifikasi Keamanan dan Akses Arsip Dinamis Kementerian Lingkungan Hidup dan Kehutanan,Peraturan Menteri Lingkungan Hidup dan Kehutanan Nomor P.85/MENLHK/SETJEN/KUM.1/8/2018 Tahun 2018,Peraturan
ARS-0187,PERATURAN MENTERI,69,active,2018,Sistem Klasifikasi Keamanan dan Akses Arsip di Lingkungan Kementerian Dalam Negeri,Peraturan Menteri Dalam Negeri Nomor 69 Tahun 2018,Peraturan
ARS-0188,PERATURAN MENTERI,11,active,2018,Sistem Klasifikasi Keamanan dan Akses Arsip Dinamis Kementerian Koordinator Bidang Kemaritiman,Peraturan Menteri Koordinator Bidang Kemaritiman Nomor 11 Tahun 2018,Peraturan
ARS-0189,PERATURAN MENTERI,10,active,2018,Jadwal Retensi Arsip Kementerian Koordinator Bidang Kemaritiman,Peraturan Menteri Koordinator Bidang Kemaritiman Nomor 10 Tahun 2018,Peraturan
ARS-0190,PERATURAN MENTERI,PM112,active,2018,Pencabutan Atas Peraturan Menteri Perhubungan Nomor PM 78 Tahun 2010 tentang Kode Klasifikasi Arsip Kementerian Perhubungan,Peraturan Menteri Perhubungan Nomor PM112 Tahun 2018,Peraturan
ARS-0191,PERATURAN MENTERI,17,active,2018,Jadwal Retensi Arsip Kementerian Ketenagakerjaan,Peraturan Menteri Ketenagakerjaan Nomor 17 Tahun 2018,Peraturan
ARS-0192,PERATURAN MENTERI,22,active,2018,Sistem Klasifikasi Keamanan dan Akses Arsip Dinamis Kementerian Ketenagakerjaan,Peraturan Menteri Ketenagakerjaan Nomor 22 Tahun 2018,Peraturan
ARS-0193,PERATURAN MENTERI,24,active,2018,Pengelolaan Arsip Terjaga di Lingkungan Kementerian Pertahanan,Peraturan Menteri Pertahanan Nomor 24 Tahun 2018,Peraturan
ARS-0194,PERATURAN BADAN/LEMBAGA,1,active,2018,Perubahan Kedua Atas Peraturan Kepala Arsip Nasional Republik Indonesia  Nomor 29 Tahun 2014 tentang Kelas Jabatan  di Lingkungan Arsip Nasional Republik Indonesia,Peraturan Arsip Nasional Nomor 1 Tahun 2018,Peraturan
ARS-0195,PERATURAN BADAN/LEMBAGA,2,active,2018,Petunjuk Pelaksanaan Dana Dekonsentrasi Arsip Nasional Republik Indonesia,Peraturan Arsip Nasional Nomor 2 Tahun 2018,Peraturan
ARS-0196,PERATURAN BADAN/LEMBAGA,3,active,2018,Pedoman Penilaian Prestasi Kerja Pegawai Negeri Sipil  di Lingkungan Arsip Nasional Republik Indonesia,Peraturan Arsip Nasional Nomor 3 Tahun 2018,Peraturan
ARS-0197,PERATURAN BADAN/LEMBAGA,4,active,2018,Perubahan Atas Peraturan Kepala Arsip Nasional Republik Indonesia Nomor 6 Tahun 2017 Tentang Tata Cara Pengangkatan Pegawai Negeri Sipil  Dalam Jabatan Fungsional Arsiparis Melalui Penyesuaian/Inpassing,Peraturan Arsip Nasional Nomor 4 Tahun 2018,Peraturan
ARS-0198,PERATURAN BADAN/LEMBAGA,5,active,2018,Pedoman Fumigasi Arsip,Peraturan Arsip Nasional Nomor 5 Tahun 2018,Peraturan
ARS-0199,PERATURAN BADAN/LEMBAGA,6,active,2018,Petunjuk Pelaksanaan Anggaran Pendapatan dan Belanja Negara Arsip Nasional Republik Indonesia,Peraturan Arsip Nasional Nomor 6 Tahun 2018,Peraturan
ARS-0200,PERATURAN BADAN/LEMBAGA,2,active,2018,Jadwal Retensi Arsip Badan Ekonomi Kreatif Republik Indonesia,Peraturan Badan Ekonomi Kreatif Nomor 2 Tahun 2018,Peraturan
ARS-0201,PERATURAN BADAN/LEMBAGA,8,active,2018,Pedoman Pengisian Jabatan Pimpinan Tinggi Melalui Mutasi di Lingkungan Arsip Nasional Republik Indonesia,Peraturan Arsip Nasional Nomor 8 Tahun 2018,Peraturan
ARS-0202,PERATURAN BADAN/LEMBAGA,1,active,2018,"Jadwal Retensi Arsip Substantif Badan Meteorologi, Klimatologi, dan Geofisika","Peraturan Badan Meteorologi,Klimatologi,dan Geofisika Nomor 1 Tahun 2018",Peraturan
ARS-0203,PERATURAN BADAN/LEMBAGA,7,active,2018,Tata Naskah Dinas di Lingkungan Arsip Nasional Republik Indonesia,Peraturan Arsip Nasional Nomor 7 Tahun 2018,Peraturan
ARS-0204,PERATURAN BADAN/LEMBAGA,2,active,2018,Jadwal Retensi Arsip di Lingkungan Lembaga Penerbangan dan Antariksa Nasional,Peraturan Lembaga Penerbangan dan Antariksa Nasional Nomor 2 Tahun 2018,Peraturan
ARS-0205,PERATURAN BADAN/LEMBAGA,10,active,2018,Pedoman Pengisian Jabatan Pimpinan Tinggi Melalui Seleksi Terbuka di Lingkungan Arsip Nasional Republik Indonesia,Peraturan Arsip Nasional Nomor 10 Tahun 2018,Peraturan
ARS-0206,PERATURAN BADAN/LEMBAGA,20,active,2018,Klasifikasi Arsip Lembaga Kebijakan Pengadaan Barang/Jasa Pemerintah,Peraturan Lembaga Kebijakan Pengadaan Barang/Jasa Pemerintah Nomor 20 Tahun 2018,Peraturan
ARS-0207,PERATURAN BADAN/LEMBAGA,9,active,2018,Pedoman Pemeliharaan Arsip Dinamis,Peraturan Arsip Nasional Nomor 9 Tahun 2018,Peraturan
ARS-0208,PERATURAN BADAN/LEMBAGA,21,active,2018,Jadwal Retensi Arsip Lembaga Kebijakan Pengadaan Barang/Jasa Pemerintah,Peraturan Lembaga Kebijakan Pengadaan Barang/Jasa Pemerintah Nomor 21 Tahun 2018,Peraturan
ARS-0209,PERATURAN BADAN/LEMBAGA,07,active,2018,Pelaksanaan Program Arsip Vital di Lingkungan Komisi Pemberantasan Korupsi,Peraturan Komisi Pemberantasan Korupsi Nomor 07 Tahun 2018,Peraturan
ARS-0210,PERATURAN BADAN/LEMBAGA,7,active,2018,Klasifikasi Arsip di Lingkungan Badan Standardisasi Nasional,Peraturan Badan Standardisasi Nasional Nomor 7 Tahun 2018,Peraturan
ARS-0211,PERATURAN BADAN/LEMBAGA,11,active,2018,Standar Pelayanan Jasa Kearsipan di Lingkungan Arsip Nasional Republik Indonesia,Peraturan Arsip Nasional Nomor 11 Tahun 2018,Peraturan
ARS-0212,PERATURAN BADAN/LEMBAGA,32,active,2018,Sistem Klasifikasi Keamanan Arsip dan Akses Arsip Dinamis di Lingkungan Badan Pengawas Pemilihan Umum,Peraturan Badan Pengawas Pemilihan Umum Nomor 32 Tahun 2018,Peraturan
ARS-0213,PERATURAN BADAN/LEMBAGA,10,active,2018,Kode Klasifikasi Arsip di Lingkungan Badan Nasional Pengelola Perbatasan,Peraturan Badan Nasional Pengelola Perbatasan Nomor 10 Tahun 2018,Peraturan
ARS-0214,PERATURAN BADAN/LEMBAGA,9,active,2018,Klasifikasi Keamanan Arsip di Lingkungan Badan Nasional Pengelola Perbatasan,Peraturan Badan Nasional Pengelola Perbatasan Nomor 9 Tahun 2018,Peraturan
ARS-0215,PERATURAN BADAN/LEMBAGA,8,active,2018,Jadwal Retensi Arsip Badan Nasional Pengelola Perbatasan,Peraturan Badan Nasional Pengelola Perbatasan Nomor 8 Tahun 2018,Peraturan
ARS-0216,PERATURAN BADAN/LEMBAGA,15,active,2018,Pedoman Retensi Arsip Urusan Pekerjaan Umum dan Perumahan Rakyat,Peraturan Arsip Nasional Nomor 15 Tahun 2018,Peraturan
ARS-0217,PERATURAN BADAN/LEMBAGA,10,active,2018,Pedoman Sistem Klasifikasi Keamanan dan Akses Arsip di Lingkungan Badan Ekonomi Kreatif,Peraturan Badan Ekonomi Kreatif Nomor 10 Tahun 2018,Peraturan
ARS-0218,PERATURAN BADAN/LEMBAGA,14,active,2018,Standar Deskripsi Arsip Statis,Peraturan Arsip Nasional Nomor 14 Tahun 2018,Peraturan
ARS-0219,PERATURAN DAERAH,46,active,2018,PENGELOLAAN ARSIP DI LINGKUNGAN PEMERINTAH KOTA BOGOR,Peraturan Daerah Kota Bogor Nomor 46 Tahun 2018,Peraturan
ARS-0220,PERATURAN DAERAH,45,active,2018,PENYELAMATAN ARSIP PENGGABUNGAN ATAU PEMBUBARAN PERANGKAT DAERAH DAN BADAN USAHA MILIK DAERAH DI LINGKUNGAN PEMERINTAHAN KOTA BOGOR,Peraturan Daerah Kota Bogor Nomor 45 Tahun 2018,Peraturan
ARS-0221,PERATURAN DAERAH,3,active,2018,Penyelenggaraan Kearsipan,Peraturan Daerah Kota Banjarbaru Nomor 3 Tahun 2018,Peraturan
ARS-0222,PERATURAN DAERAH,47,active,2018,PEDOMAN PENGELOLAAN ARSIP INAKTIF DI LINGKUNGAN PEMERINTAH KOTA BOGOR,Peraturan Daerah Kota Bogor Nomor 47 Tahun 2018,Peraturan
ARS-0223,PERATURAN DAERAH,9,active,2018,Penyelenggaraan Kearsipan,Peraturan Daerah Kabupaten Blora Nomor 9 Tahun 2018,Peraturan
ARS-0224,PERATURAN DAERAH,8,active,2018,PENYELENGGARAAN KEARSIPAN,Peraturan Daerah Kabupaten Luwu Timur Nomor 8 Tahun 2018,Peraturan
ARS-0225,PERATURAN DAERAH,8,active,2018,Penyelenggaraan Kearsipan,Peraturan Daerah Kabupaten Blitar Nomor 8 Tahun 2018,Peraturan
ARS-0226,PERATURAN PRESIDEN,118,unknown,2018,Tunjangan Kinerja Pegawai di Lingkungan Arsip Nasional Republik Indonesia,Peraturan Presiden Nomor 118 Tahun 2018,Peraturan
ARS-0227,PERATURAN MENTERI,77,active,2017,Sistem Klasifikasi Keamanan dan Akses Arsip Dinamis di Lingkungan Kementerian Kesehatan,Peraturan Menteri Kesehatan Nomor 77 Tahun 2017,Peraturan
ARS-0228,PERATURAN MENTERI,41,active,2017,JADWAL RETENSI ARSIP KEUANGAN DI LINGKUNGAN KEMENTERIAN PERTAHANAN,Peraturan Menteri Pertahanan Nomor 41 Tahun 2017,Peraturan
ARS-0229,PERATURAN MENTERI,05/M-DAG/PER/2/2017,active,2017,"Jadwal Retensi Arsip Substantif  Bidang Perundingan Perdagangan Internasional,  Bidang Pengembangan Ekspor Nasional, dan  Bidang Pengawasan Perdagangan Berjangka Komoditi",Peraturan Menteri Perdagangan Nomor 05/M-DAG/PER/2/2017 Tahun 2017,Peraturan
ARS-0230,PERATURAN MENTERI,1,active,2017,"Pola Klasifikasi Arsip di Lingkungan Kementerian Desa, Pembangunan Daerah Tertinggal, dan Transmigrasi","Peraturan Menteri Desa, Pembangunan Daerah Tertinggal, dan Transmigrasi Nomor 1 Tahun 2017",Peraturan
ARS-0231,PERATURAN MENTERI,2,active,2017,"Sistem Klasifikasi Keamanan dan Hak Akses Arsip Dinamis di Lingkungan Kementerian Desa, Pembangunan Daerah Tertinggal, dan Transmigrasi","Peraturan Menteri Desa, Pembangunan Daerah Tertinggal, dan Transmigrasi Nomor 2 Tahun 2017",Peraturan
ARS-0232,PERATURAN MENTERI,2,active,2017,Petunjuk Pelaksanaan Pengelolaan Arsip Aset di Lingkungan Kementerian Sosial,Peraturan Menteri Sosial Nomor 2 Tahun 2017,Peraturan
ARS-0233,PERATURAN MENTERI,P.21/MENLHK/SETJEN/KUM.1/3/2017,active,2017,Jadwal Retensi Arsip Kementerian Lingkungan Hidup dan Kehutanan,Peraturan Menteri Lingkungan Hidup dan Kehutanan Nomor P.21/MENLHK/SETJEN/KUM.1/3/2017 Tahun 2017,Peraturan
ARS-0234,PERATURAN MENTERI,3,superseded,2017,"Pedoman Jadwal Retensi Arsip Kementerian Desa, Pembangunan  Daerah Tertinggal, dan Transmigrasi","Peraturan Menteri Desa, Pembangunan Daerah Tertinggal, dan Transmigrasi Nomor 3 Tahun 2017",Peraturan
ARS-0235,PERATURAN MENTERI,P.24/MENLHK/SETJEN/KUM.1/4/2017,active,2017,Jadwal Retensi Arsip Keuangan  Kementerian Lingkungan Hidup dan Kehutanan,Peraturan Menteri Lingkungan Hidup dan Kehutanan Nomor P.24/MENLHK/SETJEN/KUM.1/4/2017 Tahun 2017,Peraturan
ARS-0236,PERATURAN MENTERI,18/PERMENTAN/TU.110/5/2017,active,2017,Klasifikasi Keamanan dan Akses Arsip Dinamis di Lingkungan Kementerian Pertanian,Peraturan Menteri Pertanian Nomor 18/PERMENTAN/TU.110/5/2017 Tahun 2017,Peraturan
ARS-0237,PERATURAN MENTERI,3,active,2017,"Klasifikasi Arsip di Kementerian Koordinator Bidang Politik, Hukum, dan Keamanan","Peraturan Menteri Koordinator Bidang Politik, Hukum, Dan Keamanan Nomor 3 Tahun 2017",Peraturan
ARS-0238,PERATURAN MENTERI,15,superseded,2017,Tata Kearsipan Kementerian Ketenagakerjaan,Peraturan Menteri Ketenagakerjaan Nomor 15 Tahun 2017,Peraturan
ARS-0239,PERATURAN MENTERI,23,active,2017,Tata Kelola Arsip Vital dan Arsip Terjaga  di Lingkungan Kementerian Hukum dan Hak Asasi Manusia,Peraturan Menteri Hukum dan Hak Asasi Manusia Nomor 23 Tahun 2017,Peraturan
ARS-0240,PERATURAN MENTERI,78,active,2017,"Penyelengaraan Kearsipan di Lingkungan  Kementerian Riset, Teknologi, dan Pendidikan Tinggi","Peraturan Menteri Riset, Teknologi, dan Pendidikan Tinggi Nomor 78 Tahun 2017",Peraturan
ARS-0241,PERATURAN MENTERI,135,active,2017,Perubahan Atas Peraturan Menteri Dalam Negeri Nomor 78 Tahun 2012 tentang Tata Kearsipan di Lingkungan Kementerian Dalam Negeri dan Pemerintah Daerah,Peraturan Menteri Dalam Negeri Nomor 135 Tahun 2017,Peraturan
ARS-0242,PERATURAN MENTERI,99,active,2017,Klasifikasi Arsip Fasilitatif Kementerian Perdagangan,Peraturan Menteri Perdagangan Nomor 99 Tahun 2017,Peraturan
ARS-0243,PERATURAN MENTERI,21,active,2017,Kode Pengelompokan Arsip di Lingkungan Kementerian Pertahanan,Peraturan Menteri Pertahanan Nomor 21 Tahun 2017,Peraturan
ARS-0244,PERATURAN MENTERI,20,active,2017,Jadwal Retensi Arsip Substantif di Lingkungan Kementerian Pertahanan,Peraturan Menteri Pertahanan Nomor 20 Tahun 2017,Peraturan
ARS-0245,PERATURAN MENTERI,26,active,2017,Sistem Akuntabilitas Kinerja Instansi Pemerintah  di Lingkungan Kementerian Pertahanan dan  Tentara Nasional Indonesia,Peraturan Menteri Pertahanan Nomor 26 Tahun 2017,Peraturan
ARS-0246,PERATURAN MENTERI,27,active,2017,"Perlindungan, Pengamanan, dan Penyelamatan Dokumen/Arsip Vital Negara terhadap Bencana di Lingkungan Kementerian Pertahanan",Peraturan Menteri Pertahanan Nomor 27 Tahun 2017,Peraturan
ARS-0247,PERATURAN MENTERI,28,active,2017,Roadmap Kearsipan di Lingkungan Kementerian Pertahanan,Peraturan Menteri Pertahanan Nomor 28 Tahun 2017,Peraturan
ARS-0248,PERATURAN BADAN/LEMBAGA,1,active,2017,Kode Etik Pegawai Arsip Nasional Republik Indonesia,Peraturan Arsip Nasional Nomor 1 Tahun 2017,Peraturan
ARS-0249,PERATURAN BADAN/LEMBAGA,2,active,2017,Klasifikasi Arsip Di Lingkungan Badan Ekonomi Kreatif,Peraturan Badan Ekonomi Kreatif Nomor 2 Tahun 2017,Peraturan
ARS-0250,PERATURAN BADAN/LEMBAGA,4,active,2017,Pelaksanaan Tugas Jabatan Fungsional Arsiparis,Peraturan Arsip Nasional Nomor 4 Tahun 2017,Peraturan
ARS-0251,PERATURAN BADAN/LEMBAGA,3,active,2017,Perubahan Atas Peraturan Kepala Arsip Nasional Republik Indonesia Nomor 40 Tahun 2015 Tentang Rencana Strategis Arsip Nasional Republik Indonesia Tahun 2015-2019,Peraturan Arsip Nasional Nomor 3 Tahun 2017,Peraturan
ARS-0252,PERATURAN BADAN/LEMBAGA,5,active,2017,Pedoman Penilaian Prestasi Kerja Jabatan Fungsional Arsiparis,Peraturan Arsip Nasional Nomor 5 Tahun 2017,Peraturan
ARS-0253,PERATURAN BADAN/LEMBAGA,6,active,2017,Tata Cara Pengangkatan Pegawai Negeri Sipil Dalam Jabatan Fungsional Arsiparis Melalui Penyesuaian/Inpassing,Peraturan Arsip Nasional Nomor 6 Tahun 2017,Peraturan
ARS-0254,PERATURAN BADAN/LEMBAGA,7,active,2017,Gerakan Nasional Sadar Tertib Arsip,Peraturan Arsip Nasional Nomor 7 Tahun 2017,Peraturan
ARS-0255,PERATURAN BADAN/LEMBAGA,8,active,2017,Perubahan Atas Peraturan Kepala Arsip Nasional Republik Indonesia Nomor  36  Tahun 2016 tentang Petunjuk Pelaksanaan Sosialisasi Kearsipan dan Kelembagaan Melalui Lomba Kreativitas dan Apresiasi Kearsipan,Peraturan Arsip Nasional Nomor 8 Tahun 2017,Peraturan
ARS-0256,PERATURAN BADAN/LEMBAGA,3,active,2017,Pedoman Kearsipan di Lingkungan Komisi Pemberantasan Korupsi,Peraturan Komisi Pemberantasan Korupsi Nomor 3 Tahun 2017,Peraturan
ARS-0257,PERATURAN BADAN/LEMBAGA,9,active,2017,Pedoman Penyusutan Arsip di Lingkungan Arsip Nasional Republik Indonesia,Peraturan Arsip Nasional Nomor 9 Tahun 2017,Peraturan
ARS-0258,PERATURAN BADAN/LEMBAGA,10,active,2017,Perubahan Atas Peraturan Kepala Arsip Republik Indonesia Nomor 22 Tahun 2016 tentang Petunjuk Pelaksanaan Pemilihan Arsiparis Teladan dan Unit Pengolah Terbaik di Lingkungan Arsip Nasional Republik Indonesia,Peraturan Arsip Nasional Nomor 10 Tahun 2017,Peraturan
ARS-0259,PERATURAN BADAN/LEMBAGA,4,active,2017,Jadwal Retensi Arsip Substantif Lembaga Sandi Negara,Peraturan Lembaga Sandi Negara Nomor 4 Tahun 2017,Peraturan
ARS-0260,PERATURAN BADAN/LEMBAGA,11,active,2017,Petunjuk Teknis Pengadaan Tenaga Pramubakti di Lingkungan Arsip Nasional Republik Indonesia,Peraturan Arsip Nasional Nomor 11 Tahun 2017,Peraturan
ARS-0261,PERATURAN BADAN/LEMBAGA,9,active,2017,Jadwal Retensi Arsip Fasilitatif Lembaga Sandi Negara,Peraturan Lembaga Sandi Negara Nomor 9 Tahun 2017,Peraturan
ARS-0262,PERATURAN BADAN/LEMBAGA,13,active,2017,"Perubahan Atas Peraturan Kepala Arsip Nasional Republik Indonesia   Nomor 52 Tahun 2015 tentang Indikator Kinerja Utama Tingkat Lembaga, Unit Kerja Eselon I Dan Unit Kerja Eselon Ii Mandiri di Lingkungan Arsip Nasional Republik Indonesia Tahun 2015-2019",Peraturan Arsip Nasional Nomor 13 Tahun 2017,Peraturan
ARS-0263,PERATURAN BADAN/LEMBAGA,12,active,2017,Grand Design Pembinaan Sumber Daya Manusia Kearsipan,Peraturan Arsip Nasional Nomor 12 Tahun 2017,Peraturan
ARS-0264,PERATURAN BADAN/LEMBAGA,06,active,2017,Jadwal Retensi Arsip Substantif di Lingkungan Komisi Pemberantasan Korupsi,Peraturan Komisi Pemberantasan Korupsi Nomor 06 Tahun 2017,Peraturan
ARS-0265,PERATURAN BADAN/LEMBAGA,07,active,2017,Pedoman Klasifikasi Keamanan dan Akses Arsip Dinamis di Lingkungan Komisi Pemberantasan Korupsi,Peraturan Komisi Pemberantasan Korupsi Nomor 07 Tahun 2017,Peraturan
ARS-0266,PERATURAN BADAN/LEMBAGA,14,active,2017,Perubahan Ketiga Atas Peraturan Kepala Arsip Nasional Republik Indonesia Nomor 6  Tahun 2013 tentang Pedoman Retensi Arsip Keuangan,Peraturan Arsip Nasional Nomor 14 Tahun 2017,Peraturan
ARS-0267,PERATURAN BADAN/LEMBAGA,12,active,2017,Sistem Klasifikasi Keamanan dan Akses Arsip Dinamis,Peraturan Badan Tenaga Nuklir Nasional Nomor 12 Tahun 2017,Peraturan
ARS-0268,PERATURAN BADAN/LEMBAGA,15,active,2017,Pedoman Pengadaan Calon Pegawai Negeri Sipil  di Lingkungan Arsip Nasional Republik Indonesia,Peraturan Arsip Nasional Nomor 15 Tahun 2017,Peraturan
ARS-0269,PERATURAN BADAN/LEMBAGA,16,active,2017,Penyampaian Laporan Harta Kekayaan Penyelenggara Negara  di Lingkungan Arsip Nasional Republik Indonesia,Peraturan Arsip Nasional Nomor 16 Tahun 2017,Peraturan
ARS-0270,PERATURAN BADAN/LEMBAGA,17,active,2017,Pedoman Akuntansi Arsip Nasional Republik Indonesia,Peraturan Arsip Nasional Nomor 17 Tahun 2017,Peraturan
ARS-0271,PERATURAN BADAN/LEMBAGA,5,active,2017,Pedoman Pengelolaan Arsip Dinamis Badan Nasional Penanggulangan Terorisme,Peraturan Badan Nasional Penanggulangan Terorisme Nomor 5 Tahun 2017,Peraturan
ARS-0272,PERATURAN BADAN/LEMBAGA,3,active,2017,Klasifikasi Keamanan dan Akses Arsip Dinamis di Lingkungan Badan Nasional Penanggulangan Terorisme,Peraturan Badan Nasional Penanggulangan Terorisme Nomor 3 Tahun 2017,Peraturan
ARS-0273,PERATURAN BADAN/LEMBAGA,2,active,2017,Klasifikasi Arsip di Lingkungan Badan Nasional Penanggulangan Terorisme,Peraturan Badan Nasional Penanggulangan Terorisme Nomor 2 Tahun 2017,Peraturan
ARS-0274,PERATURAN BADAN/LEMBAGA,19,active,2017,"Petunjuk Pelaksanaan Penyusunan, Pemantauan, dan Evaluasi Standar Operasional Prosedur Administrasi Pemerintahan di Lingkungan Arsip Nasional Republik Indonesia",Peraturan Arsip Nasional Nomor 19 Tahun 2017,Peraturan
ARS-0275,PERATURAN BADAN/LEMBAGA,21,active,2017,Perubahan Atas Peraturan Kepala Arsip Nasional Republik Indonesia Nomor 24 Tahun 2014 Tentang Hasil Analisis Jabatan di Lingkungan Arsip Nasional Republik Indonesia,Peraturan Arsip Nasional Nomor 21 Tahun 2017,Peraturan
ARS-0276,PERATURAN BADAN/LEMBAGA,22,active,2017,Pedoman Retensi Arsip Urusan Kepegawaian,Peraturan Arsip Nasional Nomor 22 Tahun 2017,Peraturan
ARS-0277,PERATURAN BADAN/LEMBAGA,23,active,2017,Peraturan Kepala Arsip Nasional Republik Indonesia Nomor 5 Tahun 2016 tentang Standar Kualitas Hasil Kerja Pejabat Fungsional Arsiparis,Peraturan Arsip Nasional Nomor 23 Tahun 2017,Peraturan
ARS-0278,PERATURAN BADAN/LEMBAGA,18,active,2017,"Kriteria, Penetapan dan Penyerahan Arsip Statis Perseorangan",Peraturan Arsip Nasional Nomor 18 Tahun 2017,Peraturan
ARS-0279,PERATURAN BADAN/LEMBAGA,18,active,2017,Jadwal Retensi Arsip Badan Nasional Pencarian dan Pertolongan,Peraturan Badan Nasional Pencarian dan Pertolongan Nomor 18 Tahun 2017,Peraturan
ARS-0280,PERATURAN BADAN/LEMBAGA,20,active,2017,Standardisasi Harga Satuan Perencanaan Barang di Lingkungan Arsip Nasional Republik Indonesia Tahun Anggaran 2018,Peraturan Arsip Nasional Nomor 20 Tahun 2017,Peraturan
ARS-0281,PERATURAN BADAN/LEMBAGA,6,active,2017,Jadwal Retensi Arsip Badan Nasional Penanggulangan Terorisme,Peraturan Badan Nasional Penanggulangan Terorisme Nomor 6 Tahun 2017,Peraturan
ARS-0282,PERATURAN BADAN/LEMBAGA,15,active,2017,Perubahan Atas Peraturan Kepala Pusat Pelaporan dan Analisis Transaksi Keuangan Nomor Per-06/1.01/PPATK/06/14 tentang   Jadwal Retensi Arsip Pada Pusat Pelaporan dan Analisis Transaksi Keuangan,Peraturan Pusat Pelaporan dan Analisis Transaksi Keuangan Nomor 15 Tahun 2017,Peraturan
ARS-0283,PERATURAN DAERAH,4,active,2017,KEARSIPAN DAERAH,Peraturan Daerah Provinsi DKI Jakarta Nomor 4 Tahun 2017,Peraturan
ARS-0284,PERATURAN PRESIDEN,15,active,2017,Tunjangan Jabatan Fungsional Arsiparis,Peraturan Presiden Nomor 15 Tahun 2017,Peraturan
ARS-0285,PERATURAN MENTERI,1,active,2016,JADWAL RETENSI ARSIP FASILITATIF NON KEUANGAN DAN NONKEPEGAWAIAN DI KEMENTERIAN KOORDINATOR BIDANG POLITIK HUKUM DAN KEAMANAN,"Peraturan Menteri Koordinator Bidang Politik, Hukum, Dan Keamanan Nomor 1 Tahun 2016",Peraturan
ARS-0286,PERATURAN MENTERI,04/PER/M.KUKM/I/2016,active,2016,JADWAL RETENSI ARSIP KEUANGAN DI LINGKUNGAN KEMENTERIAN KOPERASI DAN USAHA KECIL DAN MENENGAH,Peraturan Menteri Koperasi dan UKM Nomor 04/PER/M.KUKM/I/2016 Tahun 2016,Peraturan
ARS-0287,PERATURAN MENTERI,7,active,2016,Petunjuk Pelaksanaan Tata Kearsipan Dinamis di Lingkungan Kementerian Sosial,Peraturan Menteri Sosial Nomor 7 Tahun 2016,Peraturan
ARS-0288,PERATURAN MENTERI,4,superseded,2016,KLASIFIKASI ARSIP KEMENTERIAN PEMBERDAYAAN PEREMPUAN DAN PERLINDUNGAN ANAK,Peraturan Menteri Pemberdayaan Perempuan dan Perlindungan Anak Nomor 4 Tahun 2016,Peraturan
ARS-0289,PERATURAN MENTERI,5,active,2016,KLASIFIKASI ARSIP KEMENTERIAN PEMBERDAYAAN PEREMPUAN DAN PERLINDUNGAN ANAK,Peraturan Menteri Pemberdayaan Perempuan dan Perlindungan Anak Nomor 5 Tahun 2016,Peraturan
ARS-0290,PERATURAN MENTERI,13,active,2016,Perubahan Atas Peraturan Menteri Pendayagunaan Aparatur Negara Dan Reformasi Birokrasi Nomor 48 Tahun 2014 Tentang Jabatan Fungsional Arsiparis,Peraturan Menteri Pendayagunaan Aparatur Negara dan Reformasi Birokrasi Nomor 13 Tahun 2016,Peraturan
ARS-0291,PERATURAN MENTERI,11,superseded,2016,Klasifikasi Keamanan dan Akses Arsip Dinamis Kementerian Pemberdayaan Perempuan dan Perlindungan Anak,Peraturan Menteri Pemberdayaan Perempuan dan Perlindungan Anak Nomor 11 Tahun 2016,Peraturan
ARS-0292,PERATURAN MENTERI,40,active,2016,PEDOMAN DASAR PERTAHANAN NEGARA,Peraturan Menteri Pertahanan Nomor 40 Tahun 2016,Peraturan
ARS-0293,PERATURAN MENTERI,11,superseded,2016,Jadwal Retensi Arsip Kepegawaian di Lingkungan Kementerian Koordinator Bidang Kemaritiman Republik Indonesia,Peraturan Menteri Koordinator Bidang Kemaritiman Nomor 11 Tahun 2016,Peraturan
ARS-0294,PERATURAN MENTERI,67/PERMEN-KP/2016,superseded,2016,Kearsipan di Lingkungan Kementerian Kelautan dan Perikanan,Peraturan Menteri Kelautan dan Perikanan Nomor 67/PERMEN-KP/2016 Tahun 2016,Peraturan
ARS-0295,PERATURAN MENTERI,54,active,2016,Perubahan Atas Peraturan Menteri Hukum dan Hak Asasi Manusia Nomor 35 Tahun 2013 Tentang Jadwal Retensi Arsip dan Prosedur Penyusutan Arsip di Lingkungan Kementerian Hukum Dan Hak Asasi Manusia,Peraturan Menteri Hukum dan Hak Asasi Manusia Nomor 54 Tahun 2016,Peraturan
ARS-0296,PERATURAN MENTERI,3,active,2016,Petunjuk Pelaksanaan Sistem Klasifikasi Keamanan dan Akses Arsip Dinamis di Lingkungan Kementerian Sosial,Peraturan Menteri Sosial Nomor 3 Tahun 2016,Peraturan
ARS-0297,PERATURAN MENTERI,45,active,2016,Jadwal Retensi Arsip Substantif Dan Fasilitatif Di Lingkungan Kementerian Pendidikan Dan Kebudayaan,Peraturan Menteri Pendidikan dan Kebudayaan Nomor 45 Tahun 2016,Peraturan
ARS-0298,PERATURAN MENTERI,55,active,2016,Klasifikasi Arsip Kementerian Hukum dan Hak Asasi Manusia,Peraturan Menteri Hukum dan Hak Asasi Manusia Nomor 55 Tahun 2016,Peraturan
ARS-0299,PERATURAN MENTERI,56,active,2016,Perubahan Atas Peraturan Menteri Hukum dan Hak Asasi Manusia Nomor 4 Tahun 2013 tentang Sistem Klasifikasi Keamanan Arsip Dinamis dan Hak Akses Arsip Dinamis di Lingkungan Kementerian Hukum dan Hak Asasi Manusia,Peraturan Menteri Hukum dan Hak Asasi Manusia Nomor 56 Tahun 2016,Peraturan
ARS-0300,PERATURAN MENTERI,16,active,2016,PEDOMAN PELAKSANAAN KLASIFIKASI KEAMANAN DAN AKSES ARSIP DINAMIS DI LINGKUNGAN KEMENTERIAN PENDAYAGUNAAN APARATUR NEGARA DAN REFORMASI BIROKRASI,Peraturan Menteri Pendayagunaan Aparatur Negara dan Reformasi Birokrasi Nomor 16 Tahun 2016,Peraturan
ARS-0301,PERATURAN MENTERI,11/PER/M.KUKM/IX/2016,active,2016,Jadwal Retensi Arsip Fasilitatif Nonkeuangan dan Nonkepegawaian di Lingkungan Kementerian Koperasi dan Usaha Kecil dan Menengah,Peraturan Menteri Koperasi dan UKM Nomor 11/PER/M.KUKM/IX/2016 Tahun 2016,Peraturan
ARS-0302,PERATURAN MENTERI,23/PRT/M/2016,active,2016,PENYELENGGARAAN ARSIP DINAMIS KEMENTERIAN PEKERJAAN UMUM DAN PERUMAHAN RAKYAT,Peraturan Menteri Pekerjaan Umum dan Perumahan Rakyat Nomor 23/PRT/M/2016 Tahun 2016,Peraturan
ARS-0303,PERATURAN MENTERI,11,active,2016,JADWAL RETENSI ARSIP DI LINGKUNGAN KEMENTERIAN SOSIAL,Peraturan Menteri Sosial Nomor 11 Tahun 2016,Peraturan
ARS-0304,PERATURAN BADAN/LEMBAGA,3,active,2016,PERUBAHAN ATAS PERATURAN KEPALA ARSIP NASIONAL REPUBLIK INDONESIA NOMOR 3 TAHUN 2013 TENTANG PEDOMAN RETENSI ARSIP SEKTOR PEREKONOMIAN URUSAN PERHUBUNGAN,Peraturan Arsip Nasional Nomor 3 Tahun 2016,Peraturan
ARS-0305,PERATURAN BADAN/LEMBAGA,4,active,2016,PERUBAHAN ATAS PERATURAN KEPALA ARSIP NASIONAL REPUBLIK INDONESIA NOMOR 6 TAHUN 2013 TENTANG PEDOMAN RETENSI ARSIP KEUANGAN,Peraturan Arsip Nasional Nomor 4 Tahun 2016,Peraturan
ARS-0306,PERATURAN BADAN/LEMBAGA,5,active,2016,KLASIFIKASI ARSIP BADAN NARKOTIKA NASIONAL,Peraturan Badan Narkotika Nasional Nomor 5 Tahun 2016,Peraturan
ARS-0307,PERATURAN BADAN/LEMBAGA,02,active,2016,PEDOMAN PEMUSNAHAN ARSIP DI LINGKUNGAN BADAN NARKOTIKA NASIONAL,Peraturan Badan Narkotika Nasional Nomor 02 Tahun 2016,Peraturan
ARS-0308,PERATURAN BADAN/LEMBAGA,5,active,2016,STANDAR KUALITAS HASIL KERJA PEJABAT FUNGSIONAL ARSIPARIS,Peraturan Arsip Nasional Nomor 5 Tahun 2016,Peraturan
ARS-0309,PERATURAN BADAN/LEMBAGA,6,active,2016,PEDOMAN SERTIFIKASI JABATAN FUNGSIONAL ARSIPARIS,Peraturan Arsip Nasional Nomor 6 Tahun 2016,Peraturan
ARS-0310,PERATURAN BADAN/LEMBAGA,7,active,2016,PETUNJUK PELAKSANAAN SISTEM KLASIFIKASI KEAMANAN DAN AKSES ARSIP DINAMIS,Peraturan Arsip Nasional Nomor 7 Tahun 2016,Peraturan
ARS-0311,PERATURAN BADAN/LEMBAGA,8,active,2016,PERUBAHAN ATAS PERATURAN KEPALA ARSIP NASIONAL REPUBLIK INDONESIA NOMOR 28 TAHUN 2015 TENTANG PEDOMAN AKREDITASI KEARSIPAN,Peraturan Arsip Nasional Nomor 8 Tahun 2016,Peraturan
ARS-0312,PERATURAN BADAN/LEMBAGA,9,active,2016,PEDOMAN RETENSI ARSIP URUSAN KEPEMUDAAN DAN OLAH RAGA,Peraturan Arsip Nasional Nomor 9 Tahun 2016,Peraturan
ARS-0313,PERATURAN BADAN/LEMBAGA,10,active,2016,PEDOMAN RETENSI ARSIP URUSAN BENCANA KECELAKAAN DAN KONDISI BAHAYA,Peraturan Arsip Nasional Nomor 10 Tahun 2016,Peraturan
ARS-0314,PERATURAN BADAN/LEMBAGA,2,active,2016,ROAD MAP REFORMASI BIROKASI ARSIP NASIONAL REPUBLIK INDONESIA 20152019,Peraturan Arsip Nasional Nomor 2 Tahun 2016,Peraturan
ARS-0315,PERATURAN BADAN/LEMBAGA,11,active,2016,PEMBENTUKAN PRODUK HUKUM DI LINGKUNGAN ARSIP NASIONAL REPUBLIK INDONESIA,Peraturan Arsip Nasional Nomor 11 Tahun 2016,Peraturan
ARS-0316,PERATURAN BADAN/LEMBAGA,12,active,2016,PELAKSANAAN DANA DEKONSENTRASI ARSIP NASIONAL REPUBLIK INDONESIA TAHUN ANGGARAN 2016,Peraturan Arsip Nasional Nomor 12 Tahun 2016,Peraturan
ARS-0317,PERATURAN BADAN/LEMBAGA,13,active,2016,Pedoman Retensi Arsip Urusan Pengadaan,Peraturan Arsip Nasional Nomor 13 Tahun 2016,Peraturan
ARS-0318,PERATURAN BADAN/LEMBAGA,14,active,2016,PEDOMAN RETENSI ARSIP URUSAN KEAPARATURAN DAN PELAYANAN PUBLIK,Peraturan Arsip Nasional Nomor 14 Tahun 2016,Peraturan
ARS-0319,PERATURAN BADAN/LEMBAGA,15,active,2016,PERUBAHAN ATAS PERATURAN KEPALA ARSIP NASIONAL REPUBLIK INDONESIA NOMOR 5 TAHUN 2015 TENTANG PEDOMAN RETENSI ARSIP SEKTOR PEREKONOMIAN URUSAN PENELITIAN PENGKAJIAN PENGEMBANGAN PEREKAYASAAAN PENERAPAN SERTA PENDAYAGUNAAN ILMU PENGETAHUAN DAN TEKNOLOGI,Peraturan Arsip Nasional Nomor 15 Tahun 2016,Peraturan
ARS-0320,PERATURAN BADAN/LEMBAGA,16,active,2016,PERUBAHAN ATAS PERATURAN KEPALA ARSIP NASIONAL REPUBLIK INDONESIA NOMOR 17 TAHUN 2015 TENTANG PEDOMAN RETENSI ARSIP URUSAN KESEHATAN,Peraturan Arsip Nasional Nomor 16 Tahun 2016,Peraturan
ARS-0321,PERATURAN BADAN/LEMBAGA,17,active,2016,PERUBAHAN ATAS PERATURAN KEPALA ARSIP NASIONAL REPUBLIK INDONESIA NOMOR 29 TAHUN 2014 TENTANG KELAS JABATAN DI LINGKUNGAN ARSIP NASIONAL REPUBLIK INDONESIA,Peraturan Arsip Nasional Nomor 17 Tahun 2016,Peraturan
ARS-0322,PERATURAN BADAN/LEMBAGA,18,active,2016,DISIPLIN JAM KERJA DAN CUTI PEGAWAI DI LINGKUNGAN ARSIP NASIONAL REPUBLIK INDONESIA,Peraturan Arsip Nasional Nomor 18 Tahun 2016,Peraturan
ARS-0323,PERATURAN BADAN/LEMBAGA,19,active,2016,PERUBAHAN ATAS PERATURAN KEPALA ARSIP NASIONAL REPUBLIK INDONESIA NOMOR 12 TAHUN 2016 TENTANG PELAKSANAAN DANA DEKONSENTRASI ARSIP NASIONAL REPUBLIK INDONESIA TAHUN ANGGARAN 2016,Peraturan Arsip Nasional Nomor 19 Tahun 2016,Peraturan
ARS-0324,PERATURAN BADAN/LEMBAGA,20,active,2016,Pedoman Monitoring dan Evaluasi Jabatan Fungsional Arsiparis,Peraturan Arsip Nasional Nomor 20 Tahun 2016,Peraturan
ARS-0325,PERATURAN BADAN/LEMBAGA,21,active,2016,Petunjuk Pelaksanaan Lomba Desain Logo Arsip Nasional Republik Indonesia dan Cipta Karya Lagu Kearsipan Nasional,Peraturan Arsip Nasional Nomor 21 Tahun 2016,Peraturan
ARS-0326,PERATURAN BADAN/LEMBAGA,22,active,2016,Petunjuk Pelaksanaan Pemilihan Arsiparis Teladan dan Unit Pengolah Terbaik di Lingkungan Arsip Nasional Republik Indonesia,Peraturan Arsip Nasional Nomor 22 Tahun 2016,Peraturan
ARS-0327,PERATURAN BADAN/LEMBAGA,24,active,2016,Perubahan Atas Peraturan Kepala Arsip Nasional Republik Indonesia Nomor 24 Tahun 2015 tentang Standarisasi Harga Satuan Perencanaan Barang yang Berlaku di Lingkungan Arsip Nasional Republik Indonesia Tahun Anggaran 2016,Peraturan Arsip Nasional Nomor 24 Tahun 2016,Peraturan
ARS-0328,PERATURAN BADAN/LEMBAGA,03,active,2016,Jadwal Retensi Arsip Fasilitatif Komisi Pemberantasan Korupsi,Peraturan Komisi Pemberantasan Korupsi Nomor 03 Tahun 2016,Peraturan
ARS-0329,PERATURAN BADAN/LEMBAGA,23,active,2016,Pedoman Penyelenggaraan Pemilihan Lembaga Kearsipan Dan Unit Kearsipan Terbaik Nasional,Peraturan Arsip Nasional Nomor 23 Tahun 2016,Peraturan
ARS-0330,PERATURAN BADAN/LEMBAGA,33,active,2016,Penetapan dan Penggunaan Logo Arsip Nasional Republik Indonesia,Peraturan Arsip Nasional Nomor 33 Tahun 2016,Peraturan
ARS-0331,PERATURAN BADAN/LEMBAGA,34,active,2016,Standarisasi Harga Satuan Perencanaan Barang yang Berlaku di Lingkungan Arsip Nasional Republik Indonesia Tahun Anggaran 2017,Peraturan Arsip Nasional Nomor 34 Tahun 2016,Peraturan
ARS-0332,PERATURAN BADAN/LEMBAGA,17,active,2016,Jadwal Retensi Arsip Substantif dan Fasilitatif Non Kepegawaian dan Non Keuangan Komisi Pemilihan Umum,Peraturan Komisi Pemilihan Umum Nomor 17 Tahun 2016,Peraturan
ARS-0333,PERATURAN BADAN/LEMBAGA,35,active,2016,Pelaksanaan Dana Dekonsentrasi Arsip Nasional Republik Indonesia Tahun Anggaran 2017,Peraturan Arsip Nasional Nomor 35 Tahun 2016,Peraturan
ARS-0334,PERATURAN BADAN/LEMBAGA,2,active,2016,ROAD MAP REFORMASI BIROKASI ARSIP NASIONAL REPUBLIK INDONESIA 20152019,Peraturan Arsip Nasional Nomor 2 Tahun 2016,Peraturan
ARS-0335,PERATURAN BADAN/LEMBAGA,37,active,2016,Pedoman Penyusutan Arsip,Peraturan Arsip Nasional Nomor 37 Tahun 2016,Peraturan
ARS-0336,PERATURAN BADAN/LEMBAGA,38,active,2016,Perubahan Atas Peraturan Kepala Arsip Nasionalnomor 32 Tahun 2016 Tentang Petunjuk Pelaksanaan Lomba Karya Tulis Bidang Kearsipan,Peraturan Arsip Nasional Nomor 38 Tahun 2016,Peraturan
ARS-0337,PERATURAN BADAN/LEMBAGA,09,active,2016,Klasifikasi Arsip di Lingkungan Komisi Pemberantasan Korupsi,Peraturan Komisi Pemberantasan Korupsi Nomor 09 Tahun 2016,Peraturan
ARS-0338,PERATURAN BADAN/LEMBAGA,36,active,2016,Petunjuk Pelaksanaan Sosialisasi Kearsipan dan Kelembagaan Melalui Lomba Kreativitas dan Apresiasi Kearsipan,Peraturan Arsip Nasional Nomor 36 Tahun 2016,Peraturan
ARS-0339,PERATURAN BADAN/LEMBAGA,26,active,2016,Pedoman Keterbukaan Arsip Statis Untuk Penelitian Dan Pengembangan Ilmu Pengetahuan Serta Penyelidikan Dan Penyidikan,Peraturan Arsip Nasional Nomor 26 Tahun 2016,Peraturan
ARS-0340,PERATURAN BADAN/LEMBAGA,25,active,2016,Pedoman Penyelenggaraan Pendidikan Dan Pelatihan Kearsipan,Peraturan Arsip Nasional Nomor 25 Tahun 2016,Peraturan
ARS-0341,PERATURAN BADAN/LEMBAGA,27,active,2016,Pedoman Retensi Arsip Urusan Badan Usaha Bidang Perbankan,Peraturan Arsip Nasional Nomor 27 Tahun 2016,Peraturan
ARS-0342,PERATURAN BADAN/LEMBAGA,28,active,2016,Perubahan Kedua Atas Peraturan Kepala Arsip Nasional Republik Indonesia Nomor 6 Tahun 2013 Tentang Pedoman Retensi Arsip Keuangan,Peraturan Arsip Nasional Nomor 28 Tahun 2016,Peraturan
ARS-0343,PERATURAN BADAN/LEMBAGA,29,active,2016,Hasil Pemetaan Urusan Pemerintahan Bidang Kearsipan,Peraturan Arsip Nasional Nomor 29 Tahun 2016,Peraturan
ARS-0344,PERATURAN BADAN/LEMBAGA,31,active,2016,Pedoman Retensi Arsip Urusan Pemilihan Umum,Peraturan Arsip Nasional Nomor 31 Tahun 2016,Peraturan
ARS-0345,PERATURAN BADAN/LEMBAGA,30,active,2016,Pedoman Nomenklatur Perangkat Daerah Urusan Pemerintahan Bidang Kearsipan,Peraturan Arsip Nasional Nomor 30 Tahun 2016,Peraturan
ARS-0346,PERATURAN BADAN/LEMBAGA,32,active,2016,Petunjuk Pelaksanaan Lomba Karya Tulis Bidang Kearsipan,Peraturan Arsip Nasional Nomor 32 Tahun 2016,Peraturan
ARS-0347,PERATURAN BADAN/LEMBAGA,1,active,2016,Proses Bisnis Level 0 Dan Level 1 Di Lingkungan Arsip Nasional Republik Indonesia,Peraturan Arsip Nasional Nomor 1 Tahun 2016,Peraturan
ARS-0348,PERATURAN BADAN/LEMBAGA,24,active,2016,Petunjuk Teknis Pelaksanaan Pembinaan jabatan Fungsional Arsiparis,Peraturan Badan Kepegawaian Negara Nomor 24 Tahun 2016,Peraturan
ARS-0349,PERATURAN DAERAH,3,active,2016,Penyelenggaraan Kearsipan Di Lingkungan Pemerintahan Kota Bandung,Peraturan Daerah Kota Bandung Nomor 3 Tahun 2016,Peraturan
ARS-0350,PERATURAN MENTERI,03/PER/M.KUKM/III/2015,active,2015,"KLASIFIKASI ARSIP""																					DI LINGKUNGAN KEMENTERIAN KOPERASI				""DAN USAHA KECIL DAN MENENGAH",Peraturan Menteri Koperasi dan UKM Nomor 03/PER/M.KUKM/III/2015 Tahun 2015,Peraturan
ARS-0351,PERATURAN MENTERI,5,active,2015,PEDOMAN TATA KEARSIPAN KEMENTERIAN PERENCANAAN PEMBANGUNAN NASIONAL/BADAN PERENCANAAN PEMBANGUNAN NASIONAL,Peraturan Menteri Perencanaan Pembangunan Nasional / Badan Perencanaan Pembangunan Nasional Nomor 5 Tahun 2015,Peraturan
ARS-0352,PERATURAN MENTERI,6,active,2015,KLASIFIKASI ARSIP KEMENTERIAN PERENCANAAN PEMBANGUNAN NASIONAL/BADAN PERENCANAAN PEMBANGUNAN NASIONAL,Peraturan Menteri Perencanaan Pembangunan Nasional / Badan Perencanaan Pembangunan Nasional Nomor 6 Tahun 2015,Peraturan
ARS-0353,PERATURAN MENTERI,13,superseded,2015,KLASIFIKASI ARSIP DI LINGKUNGAN KEMENTERIAN PENDAYAGUNAAN APARATUR NEGARA DAN REFORMASI BIROKRASI,Peraturan Menteri Pendayagunaan Aparatur Negara dan Reformasi Birokrasi Nomor 13 Tahun 2015,Peraturan
ARS-0354,PERATURAN MENTERI,4,active,2015,JADWAL RETENSI ARSIP KEMENTERIAN LUAR NEGRI REPUBLIK INDONESIA,Peraturan Menteri Luar Negeri Nomor 4 Tahun 2015,Peraturan
ARS-0355,PERATURAN MENTERI,23,active,2015,JADWAL RETENSI ARSIP SUBSTANTIF KEMENTERIAN KOMUNIKASI DAN INFORMATIKA,Peraturan Menteri Komunikasi dan Informatika Nomor 23 Tahun 2015,Peraturan
ARS-0356,PERATURAN MENTERI,8,superseded,2015,KLASIFIKASI KEAMANAN DAN AKSES ARSIP KEMENTERIAN LUAR NEGERI,Peraturan Menteri Luar Negeri Nomor 8 Tahun 2015,Peraturan
ARS-0357,PERATURAN MENTERI,13,superseded,2015,JADWAL RETENSI ARSIP KEMENTERIAN PEMBERDAYAAN PEREMPUAN DAN PERLINDUNGAN ANAK,Peraturan Menteri Pemberdayaan Perempuan dan Perlindungan Anak Nomor 13 Tahun 2015,Peraturan
ARS-0358,PERATURAN BADAN/LEMBAGA,14,active,2015,TATA CARA PENYUSUNAN PEDOMAN RETENSI ARSIP,Peraturan Arsip Nasional Nomor 14 Tahun 2015,Peraturan
ARS-0359,PERATURAN BADAN/LEMBAGA,22,active,2015,TATA CARA PENETAPAN JADWAL RETENSI ARSIP,Peraturan Arsip Nasional Nomor 22 Tahun 2015,Peraturan
ARS-0360,PERATURAN BADAN/LEMBAGA,23,active,2015,PELINDUNGAN DAN PENYELAMATAN ARSIP DARI BENCANA,Peraturan Arsip Nasional Nomor 23 Tahun 2015,Peraturan
ARS-0361,PERATURAN BADAN/LEMBAGA,18,active,2015,PEDOMAN RETENSI ARSIP URUSAN PENDIDIKAN DAN PELATIHAN,Peraturan Arsip Nasional Nomor 18 Tahun 2015,Peraturan
ARS-0362,PERATURAN BADAN/LEMBAGA,2,active,2015,KLASIFIKASI ARSIP DI LINGKUNGAN PERPUSTAKAAN NASIONAL,Peraturan Perpustakaan Nasional Nomor 2 Tahun 2015,Peraturan
ARS-0363,PERATURAN BADAN/LEMBAGA,5,active,2015,"PEDOMAN RETENSI ARSIP SEKTOR PEREKONOMIAN URUSAN PENELITIAN, PENGKAJIAN, PENGEMBANGAN, PEREKAYASAAN, PENERAPAN SERTA PENDAYAGUNAAN ILMU PENGETAHUAN DAN TEKNOLOGI",Peraturan Arsip Nasional Nomor 5 Tahun 2015,Peraturan
ARS-0364,PERATURAN BADAN/LEMBAGA,13,active,2015,"PEDOMAN RETENSI ARSIP SEKTOR POLITIK, HUKUM, DAN KEAMANAN URUSAN PERSANDIAN",Peraturan Arsip Nasional Nomor 13 Tahun 2015,Peraturan
ARS-0365,PERATURAN BADAN/LEMBAGA,2,active,2015,PEDOMAN RETENSI ARSIP SEKTOR PEREKONOMIAN URUSAN PERENCANAAN PEMBANGUNAN,Peraturan Arsip Nasional Nomor 2 Tahun 2015,Peraturan
ARS-0366,PERATURAN BADAN/LEMBAGA,3,active,2015,PEDOMAN RETENSI ARSIP SEKTOR PEREKONOMIAN URUSAN PEMBANGUNAN DAERAH TERTINGGAL,Peraturan Arsip Nasional Nomor 3 Tahun 2015,Peraturan
ARS-0367,PERATURAN BADAN/LEMBAGA,6,active,2015,PEDOMAN RETENSI ARSIP SEKTOR KESEJAHTERAAN RAKYAT URUSAN PERPUSTAKAAN,Peraturan Arsip Nasional Nomor 6 Tahun 2015,Peraturan
ARS-0368,PERATURAN BADAN/LEMBAGA,7,active,2015,"PEDOMAN RETENSI ARSIP SEKTOR POLITIK, HUKUM, DAN KEAMANAN URUSAN KEAMANAN DAN KETERTIBAN",Peraturan Arsip Nasional Nomor 7 Tahun 2015,Peraturan
ARS-0369,PERATURAN BADAN/LEMBAGA,8,active,2015,"PEDOMAN RETENSI ARSIP SEKTOR POLITIK, HUKUM, DAN KEAMANAN URUSAN PERBATASAN",Peraturan Arsip Nasional Nomor 8 Tahun 2015,Peraturan
ARS-0370,PERATURAN BADAN/LEMBAGA,9,active,2015,"PEDOMAN RETENSI ARSIP SEKTOR POLITIK, HUKUM, DAN KEAMANAN URUSAN PENANGGULANGAN NARKOTIKA",Peraturan Arsip Nasional Nomor 9 Tahun 2015,Peraturan
ARS-0371,PERATURAN BADAN/LEMBAGA,10,active,2015,PEDOMAN RETENSI ARSIP SEKTOR KESEJAHTERAAN RAKYAT URUSAN PARIWISATA DAN EKONOMI KREATIF,Peraturan Arsip Nasional Nomor 10 Tahun 2015,Peraturan
ARS-0372,PERATURAN BADAN/LEMBAGA,11,superseded,2015,PEDOMAN RETENSI ARSIP SEKTOR PEREKONOMIAN URUSAN KEHUTANAN,Peraturan Arsip Nasional Nomor 11 Tahun 2015,Peraturan
ARS-0373,PERATURAN BADAN/LEMBAGA,4,active,2015,PEDOMAN RETENSI ARSIP SEKTOR KESEJAHTERAAN RAKYAT URUSAN AGAMA,Peraturan Arsip Nasional Nomor 4 Tahun 2015,Peraturan
ARS-0374,PERATURAN BADAN/LEMBAGA,19,active,2015,PEDOMAN RETENSI ARSIP URUSAN KEARSIPAN,Peraturan Arsip Nasional Nomor 19 Tahun 2015,Peraturan
ARS-0375,PERATURAN BADAN/LEMBAGA,20,active,2015,PEDOMAN RETENSI ARSIP URUSAN KEPENDUDUKAN DAN KELUARGA BERENCANA,Peraturan Arsip Nasional Nomor 20 Tahun 2015,Peraturan
ARS-0376,PERATURAN BADAN/LEMBAGA,36,active,2015,IMBALAN PENYERAHAN ARSIP STATIS,Peraturan Arsip Nasional Nomor 36 Tahun 2015,Peraturan
ARS-0377,PERATURAN BADAN/LEMBAGA,6,active,2015,PEDOMAN KEARSIPAN DAN KODE KLASIFIKASI,Peraturan Badan Tenaga Nuklir Nasional Nomor 6 Tahun 2015,Peraturan
ARS-0378,PERATURAN BADAN/LEMBAGA,12,active,2015,PEDOMAN RETENSI ARSIP SEKTOR KESEJAHTERAAN RAKYAT URUSAN SOSIAL,Peraturan Arsip Nasional Nomor 12 Tahun 2015,Peraturan
ARS-0379,PERATURAN BADAN/LEMBAGA,26,superseded,2015,INDIKATOR KINERJA UTAMA TAHUN 2015-2019 DI LINGKUNGAN ARSIP NASIONAL REPUBLIK INDONESIA,Peraturan Arsip Nasional Nomor 26 Tahun 2015,Peraturan
ARS-0380,PERATURAN BADAN/LEMBAGA,29,active,2015,PETUNJUK PELAKSANAAN PEMBATASAN PERTEMUAN/RAPAT DI LUAR KANTOR DI LINGKUNGAN ARSIP NASIONAL REPUBLIK INDONESIA,Peraturan Arsip Nasional Nomor 29 Tahun 2015,Peraturan
ARS-0381,PERATURAN BADAN/LEMBAGA,17,active,2015,PEDOMAN RETENSI ARSIP URUSAN KESEHATAN,Peraturan Arsip Nasional Nomor 17 Tahun 2015,Peraturan
ARS-0382,PERATURAN BADAN/LEMBAGA,15,active,2015,PEDOMAN RETENSI ARSIP URUSAN STATISTIK,Peraturan Arsip Nasional Nomor 15 Tahun 2015,Peraturan
ARS-0383,PERATURAN BADAN/LEMBAGA,3,active,2015,SISTEM KLASIFIKASI KEAMANAN DAN HAK AKSES ARSIP DINAMIS DI LINGKUNGAN BADAN INFORMASI GEOSPASIAL,Peraturan Badan Informasi Geospasial Nomor 3 Tahun 2015,Peraturan
ARS-0384,PERATURAN BADAN/LEMBAGA,4,active,2015,JADWAL RETENSI ARSIP FASILITATIF PERPUSTAKAAN NASIONAL,Peraturan Perpustakaan Nasional Nomor 4 Tahun 2015,Peraturan
ARS-0385,PERATURAN BADAN/LEMBAGA,30,active,2015,TATA CARA PENYESUAIAN (INPASSING) JABATAN FUNGSIONAL ARSIPARIS,Peraturan Arsip Nasional Nomor 30 Tahun 2015,Peraturan
ARS-0386,PERATURAN BADAN/LEMBAGA,31,active,2015,PEDOMAN PEMBENTUKAN DEPOT ARSIP,Peraturan Arsip Nasional Nomor 31 Tahun 2015,Peraturan
ARS-0387,PERATURAN BADAN/LEMBAGA,33,superseded,2015,KLASIFIKASI ARSIP DI LINGKUNGAN ARSIP NASIONAL REPUBLIK INDONESIA,Peraturan Arsip Nasional Nomor 33 Tahun 2015,Peraturan
ARS-0388,PERATURAN BADAN/LEMBAGA,32,superseded,2015,PEDOMAN SELEKSI TERBUKA JABATAN PIMPINAN TINGGI DI LINGKUNGAN ARSIP NASIONAL REPUBLIK INDONESIA,Peraturan Arsip Nasional Nomor 32 Tahun 2015,Peraturan
ARS-0389,PERATURAN BADAN/LEMBAGA,1,active,2015,PEDOMAN RETENSI ARSIP SEKTOR PEREKONOMIAN URUSAN KETENAGAKERJAAN DAN KETRANSMIGRASIAN,Peraturan Arsip Nasional Nomor 1 Tahun 2015,Peraturan
ARS-0390,PERATURAN BADAN/LEMBAGA,16,active,2015,PEDOMAN RETENSI ARSIP URUSAN PEMERINTAHAN DAERAH,Peraturan Arsip Nasional Nomor 16 Tahun 2015,Peraturan
ARS-0391,PERATURAN BADAN/LEMBAGA,28,active,2015,PEDOMAN AKREDITASI KEARSIPAN,Peraturan Arsip Nasional Nomor 28 Tahun 2015,Peraturan
ARS-0392,PERATURAN BADAN/LEMBAGA,24,active,2015,STANDARISASI HARGA SATUAN PERENCANAAN BARANG YANG BERLAKU DI LINGKUNGAN ARSIP NASIONAL REPUBLIK INDONESIA,Peraturan Arsip Nasional Nomor 24 Tahun 2015,Peraturan
ARS-0393,PERATURAN BADAN/LEMBAGA,34,active,2015,PEDOMAN PENGURUSAN SURAT DI LINGKUNGAN ARSIP NASIONAL,Peraturan Arsip Nasional Nomor 34 Tahun 2015,Peraturan
ARS-0394,PERATURAN BADAN/LEMBAGA,35,superseded,2015,NASKAH DINAS DI LINGKUNGAN ARSIP NASIONAL REPUBLIK INDONESIA,Peraturan Arsip Nasional Nomor 35 Tahun 2015,Peraturan
ARS-0395,PERATURAN BADAN/LEMBAGA,26,superseded,2015,INDIKATOR KINERJA UTAMA TAHUN 2015-2019 DI LINGKUNGAN ARSIP NASIONAL REPUBLIK INDONESIA,Peraturan Arsip Nasional Nomor 26 Tahun 2015,Peraturan
ARS-0396,PERATURAN BADAN/LEMBAGA,27,superseded,2015,PETUNJUK PELAKSANAAN PENILAIAN LOMBA TERTIB ARSIP DI LINGKUNGAN ARSIP NASIONAL REPUBLIK INDONESIA,Peraturan Arsip Nasional Nomor 27 Tahun 2015,Peraturan
ARS-0397,PERATURAN BADAN/LEMBAGA,39,active,2015,PETUNJUK PELAKSANAAN ANGGARAN PENDAPATAN DAN BELANJA NEGARA PADA ARSIP NASIONAL REPUBLIK INDONESIA,Peraturan Arsip Nasional Nomor 39 Tahun 2015,Peraturan
ARS-0398,PERATURAN BADAN/LEMBAGA,40,active,2015,RENCANA STRATEGIS ARSIP NASIONAL REPUBLIK INDONESIA TAHUN 20152019,Peraturan Arsip Nasional Nomor 40 Tahun 2015,Peraturan
ARS-0399,PERATURAN BADAN/LEMBAGA,41,active,2015,PENGELOLAAN ARSIP TERJAGA,Peraturan Arsip Nasional Nomor 41 Tahun 2015,Peraturan
ARS-0400,PERATURAN BADAN/LEMBAGA,16,active,2015,POLA KLASIFIKASI ARSIP DI LINGKUNGAN SEKRETARIAT JENDERAL BADAN PENGAWAS PEMILIHAN UMUM,Peraturan Badan Pengawas Pemilihan Umum Nomor 16 Tahun 2015,Peraturan
ARS-0401,PERATURAN BADAN/LEMBAGA,02,active,2015,KLASIFIKASI ARSIP DI LINGKUNGAN BADAN NASIONAL PENANGGULANGAN BENCANA,Peraturan Badan Nasional Penanggulangan Bencana Nomor 02 Tahun 2015,Peraturan
ARS-0402,PERATURAN BADAN/LEMBAGA,25,active,2015,PEDOMAN PENGHARGAAN KEARSIPAN,Peraturan Arsip Nasional Nomor 25 Tahun 2015,Peraturan
ARS-0403,PERATURAN BADAN/LEMBAGA,38,superseded,2015,PEDOMAN PENGAWASAN KEARSIPAN,Peraturan Arsip Nasional Nomor 38 Tahun 2015,Peraturan
ARS-0404,PERATURAN BADAN/LEMBAGA,42,active,2015,PEDOMAN RETENSI ARSIP URUSAN BADAN USAHA BIDANG PERSEMENAN DAN PERKERETAAPIAN,Peraturan Arsip Nasional Nomor 42 Tahun 2015,Peraturan
ARS-0405,PERATURAN BADAN/LEMBAGA,42,active,2015,KLASIFIKASI ARSIP DI LINGKUNGAN LEMBAGA ADMINISTRASI NEGARA,Peraturan Lembaga Administrasi Negara Nomor 42 Tahun 2015,Peraturan
ARS-0406,PERATURAN BADAN/LEMBAGA,46,active,2015,PENYELAMATAN ARSIP PENGGABUNGAN ATAU PEMBUBARAN LEMBAGA NEGARA DAN PERANGKAT DAEARAH,Peraturan Arsip Nasional Nomor 46 Tahun 2015,Peraturan
ARS-0407,PERATURAN BADAN/LEMBAGA,47,superseded,2015,JADWAL RETENSI ARSIP NASIONAL REPUBLIK INDONESIA,Peraturan Arsip Nasional Nomor 47 Tahun 2015,Peraturan
ARS-0408,PERATURAN BADAN/LEMBAGA,48,active,2015,PERUBAHAN ATAS PERATURAN KEPALA ARSIP NASIONAL REPUBLIK INDONESIA NOMOR 14 TAHUN 2015 TENTANG TATA CARA PENYUSUNAN PEDOMAN RETENSI ARSIP,Peraturan Arsip Nasional Nomor 48 Tahun 2015,Peraturan
ARS-0409,PERATURAN BADAN/LEMBAGA,49,active,2015,PEDOMAN PROGRAM ARSIP VITAL DI LINGKUNGAN ARSIP NASIONAL REPUBLIK INDONESIA,Peraturan Arsip Nasional Nomor 49 Tahun 2015,Peraturan
ARS-0410,PERATURAN BADAN/LEMBAGA,50,active,2015,PETUNJUK TEKNIS PEMBERKASAN ARSIP AKTIF DI CENTRAL FILE DI LINGKUNGAN ARSIP NASIONAL REPUBLIK INDONESIA,Peraturan Arsip Nasional Nomor 50 Tahun 2015,Peraturan
ARS-0411,PERATURAN BADAN/LEMBAGA,51,active,2015,TUGAS BELAJAR DAN IZIN BELAJAR DI LINGKUNGAN ARSIP NASIONAL REPUBLIK INDONESIA,Peraturan Arsip Nasional Nomor 51 Tahun 2015,Peraturan
ARS-0412,PERATURAN BADAN/LEMBAGA,52,active,2015,INDIKATOR KINERJA UTAMA TINGKAT LEMBAGA UNIT KERJA ESELON I DAN UNIT KERJA ESELON II MANDIRI DI LINGKUNGAN ARSIP NASIONAL REPUBLIK INDONESIA TAHUN 20152019,Peraturan Arsip Nasional Nomor 52 Tahun 2015,Peraturan
ARS-0413,PERATURAN BADAN/LEMBAGA,18,active,2015,PEDOMAN PENYUSUTAN ARSIP BADAN PENGAWASAN KEUANGAN DAN PEMBANGUNAN,Peraturan Badan Pengawasan Keuangan dan Pembangunan Nomor 18 Tahun 2015,Peraturan
ARS-0414,PERATURAN DAERAH,5,active,2015,PENYELENGGARAAN KEARSIPAN,Peraturan Daerah Kota Tasikmalaya Nomor 5 Tahun 2015,Peraturan
ARS-0415,PERATURAN DAERAH,3,active,2015,PENYELENGGARAAN KEARSIPAN   DI LINGKUNGAN KOTA PANGKALPINANG,Peraturan Daerah Kota Pangkal Pinang Nomor 3 Tahun 2015,Peraturan
ARS-0416,PERATURAN DAERAH,4,active,2015,PENYELENGGARAAN KEARSIPAN,Peraturan Daerah Kabupaten Indramayu Nomor 4 Tahun 2015,Peraturan
ARS-0417,PERATURAN PRESIDEN,121,active,2015,TUNJANGAN KINERJA PEGAWAI DI LINGKUNGAN ARSIP NASIONAL REPUBLIK INDONESIA,Peraturan Presiden Nomor 121 Tahun 2015,Peraturan
ARS-0418,PERATURAN MENTERI,12,active,2014,TATA KEARSIPAN DINAMIS KEMENTERIAN KOMUNIKASI DAN INFORMATIKA,Peraturan Menteri Komunikasi dan Informatika Nomor 12 Tahun 2014,Peraturan
ARS-0419,PERATURAN MENTERI,13,unknown,2014,JADWAL RETENSI ARSIP FASILITATIF NON KEUANGAN DAN NON KEPEGAWAIAN KEMENTERIAN ENERGI DAN SUMBER DAYA MINERAL,Peraturan Menteri Energi Dan Sumber Daya Mineral Nomor 13 Tahun 2014,Peraturan
ARS-0420,PERATURAN MENTERI,14,unknown,2014,JADWAL RETENSI ARSIP SUBSTANTIF MINERAL DAN BATUBARA KEMENTERIAN ENERGI DAN SUMBER DAYA MINERAL,Peraturan Menteri Energi Dan Sumber Daya Mineral Nomor 14 Tahun 2014,Peraturan
ARS-0421,PERATURAN MENTERI,15,unknown,2014,JADWAL RETENSI ARSIP SUBSTANTIF KETENAGALISTRIKAN KEMENTERIAN ENERGI DAN SUMBER DAYA MINERAL,Peraturan Menteri Energi Dan Sumber Daya Mineral Nomor 15 Tahun 2014,Peraturan
ARS-0422,PERATURAN MENTERI,16,unknown,2014,JADWAL RETENSI ARSIP SUBSTANTIF KEGEOLOGIAN KEMENTERIAN ENERGI DAN SUMBER DAYA MINERAL,Peraturan Menteri Energi Dan Sumber Daya Mineral Nomor 16 Tahun 2014,Peraturan
ARS-0423,PERATURAN MENTERI,P.45/MENHUT-II/2014,superseded,2014,JADWAL RETENSI ARSIP KEMENTERIAN KEHUTANAN,Peraturan Menteri Kehutanan Nomor P.45/MENHUT-II/2014 Tahun 2014,Peraturan
ARS-0424,PERATURAN MENTERI,04,active,2014,PETUNJUK PELAKSANAAN KLASIFIKASI KEAMANAN DAN AKSES ARSIP DINAMIS DI LINGKUNGAN KEMENTERIAN KOORDINATOR BIDANG KESEJAHTERAAN RAKYAT,Peraturan Menteri Koordinator Bidang Kesejahteraan Rakyat Nomor 04 Tahun 2014,Peraturan
ARS-0425,PERATURAN MENTERI,50/PERMEN-KP/2014,active,2014,PENYUSUTAN ARSIP DI LINGKUNGAN KEMENTERIAN KELAUTAN DAN PERIKANAN,Peraturan Menteri Kelautan dan Perikanan Nomor 50/PERMEN-KP/2014 Tahun 2014,Peraturan
ARS-0426,PERATURAN MENTERI,53/PERMEN-KP/2014,active,2014,SISTEM PEMBERKASAN ARSIP DI LINGKUNGAN KEMENTERIAN KELAUTAN DAN PERIKANAN,Peraturan Menteri Kelautan dan Perikanan Nomor 53/PERMEN-KP/2014 Tahun 2014,Peraturan
ARS-0427,PERATURAN MENTERI,276/PMK.01/2014,active,2014,PEDOMAN KEARSIPAN DI LINGKUNGAN KEMENTERIAN KEUANGAN,Peraturan Menteri Keuangan Nomor 276/PMK.01/2014 Tahun 2014,Peraturan
ARS-0428,PERATURAN MENTERI,5,active,2014,JADWAL RETENSI ARSIP SUBSTANTIF DI LINGKUNGAN KEMENTERIAN KOORDINATOR BIDANG KESEJAHTERAAN RAKYAT,Peraturan Menteri Koordinator Bidang Kesejahteraan Rakyat Nomor 5 Tahun 2014,Peraturan
ARS-0429,PERATURAN MENTERI,15,active,2014,"JADWAL RETENSI ARSIP FASILITATIF KEPEGAWAIAN APARATUR SIPIL NEGARA DAN PEJABAT NEGARA DI KEMENTERIAN KOORDINATOR BIDANG POLITIK, HUKUM, DAN KEAMANAN","Peraturan Menteri Koordinator Bidang Politik, Hukum, Dan Keamanan Nomor 15 Tahun 2014",Peraturan
ARS-0430,PERATURAN MENTERI,16,active,2014,"JADWAL RETENSI ARSIP FASILITATIF BIDANG KEUANGAN DI KEMENTERIAN KOORDINATOR BIDANG POLITIK, HUKUM, DAN KEAMANAN","Peraturan Menteri Koordinator Bidang Politik, Hukum, Dan Keamanan Nomor 16 Tahun 2014",Peraturan
ARS-0431,PERATURAN MENTERI,21,active,2014,JADWAL RETENSI ARSIP SUBSTANTIF DI LINGKUNGAN KEMENTERIAN PENDAYAGUNAAN APARATUR NEGARA DAN REFORMASI BIROKRASI,Peraturan Menteri Pendayagunaan Aparatur Negara dan Reformasi Birokrasi Nomor 21 Tahun 2014,Peraturan
ARS-0432,PERATURAN MENTERI,PM92,active,2014,JADWAL RETENSI ARSIP SUBSTANTIF DI LINGKUNGAN KEMENTERIAN PERHUBUNGAN,Peraturan Menteri Perhubungan Nomor PM92 Tahun 2014,Peraturan
ARS-0433,PERATURAN MENTERI,43,active,2014,JADWAL RETENSI ARSIP FASILITATIF NON KEUANGAN DAN NON KEPEGAWAIAN KEMENTERIAN PERTAHANAN,Peraturan Menteri Pertahanan Nomor 43 Tahun 2014,Peraturan
ARS-0434,PERATURAN MENTERI,3,superseded,2014,KLASIFIKASI ARSIP KEMENTERIAN PEMBERDAYAAN PEREMPUAN DAN PERLINDUNGAN ANAK,Peraturan Menteri Pemberdayaan Perempuan dan Perlindungan Anak Nomor 3 Tahun 2014,Peraturan
ARS-0435,PERATURAN MENTERI,48,active,2014,JABATAN FUNGSIONAL ARSIPARIS DAN ANGKA KREDITNTA,Peraturan Menteri Pendayagunaan Aparatur Negara dan Reformasi Birokrasi Nomor 48 Tahun 2014,Peraturan
ARS-0436,PERATURAN MENTERI,PM.92,active,2014,JADWAL RETENSI ARSIP SUBTANTIF DI LINGKUNGAN KEMENTERIAN PERHUBUNGAN,Peraturan Menteri Perhubungan Nomor PM.92 Tahun 2014,Peraturan
ARS-0437,PERATURAN BADAN/LEMBAGA,11,active,2014,PENGELOLAAN ARSIP DINAMIS KOMISI PEMILIHAN UMUM,Peraturan Komisi Pemilihan Umum Nomor 11 Tahun 2014,Peraturan
ARS-0438,PERATURAN BADAN/LEMBAGA,06,active,2014,PEDOMAN JADWAL RETENSI ARSIP PENELITIAN LEMBAGA ILMU PENGETAHUAN INDONESIA,Peraturan Lembaga Ilmu Pengetahuan Indonesia Nomor 06 Tahun 2014,Peraturan
ARS-0439,PERATURAN BADAN/LEMBAGA,1,superseded,2014,PETUNJUK PELAKSANAAN KLASIFIKASI KEAMANAN DAN AKSES ARSIP DINAMIS DI LINGKUNGAN BADAN NASIONAL PENANGGULANGAN BENCANA,Peraturan Badan Nasional Penanggulangan Bencana Nomor 1 Tahun 2014,Peraturan
ARS-0440,PERATURAN BADAN/LEMBAGA,5,superseded,2014,JADWAL RETENSI ARSIP SUBSTANTIF BADAN NASIONAL PENANGGULANGAN BENCANA,Peraturan Badan Nasional Penanggulangan Bencana Nomor 5 Tahun 2014,Peraturan
ARS-0441,PERATURAN BADAN/LEMBAGA,2,active,2014,"JADWAL RETENSI ARSIP FASILITATIF NON KEUANGAN DAN NON KEPEGAWAIAN BADAN METEOROLOGI. KLIMATOLOGI, DAN GEOFISIKA","Peraturan Badan Meteorologi,Klimatologi,dan Geofisika Nomor 2 Tahun 2014",Peraturan
ARS-0442,PERATURAN BADAN/LEMBAGA,1,active,2014,PEDOMAN PENYELESAIAN GANTI RUGI IKATAN DINAS DI LINGKUNGAN ARSIP NASIONAL REPUBLIK INDONESIA,Peraturan Arsip Nasional Nomor 1 Tahun 2014,Peraturan
ARS-0443,PERATURAN BADAN/LEMBAGA,9,active,2014,JADWAL RETENSI ARSIP KEPEGAWAIAN,Peraturan Badan Narkotika Nasional Nomor 9 Tahun 2014,Peraturan
ARS-0444,PERATURAN BADAN/LEMBAGA,3,active,2014,PELAKSANAAN KEGIATAN DANA DEKONSENTRASI ARSIP NASIONAL REPUBLIK INDONESIA TAHUN ANGGARAN 2014,Peraturan Arsip Nasional Nomor 3 Tahun 2014,Peraturan
ARS-0445,PERATURAN BADAN/LEMBAGA,4,active,2014,PETUNJUK PELAKSANAAN PENILAIAN LOMBA TERTIB ARSIP DI LINGKUNGAN ARSIP NASIONAL REPUBLIK INDONESIA TAHUN 2014,Peraturan Arsip Nasional Nomor 4 Tahun 2014,Peraturan
ARS-0446,PERATURAN BADAN/LEMBAGA,11,active,2014,PEDOMAN RETENSI ARSIP SEKTOR PEREKONOMIAN URUSAN KOPERASI DAN USAHA KECIL DAN MENENGAH,Peraturan Arsip Nasional Nomor 11 Tahun 2014,Peraturan
ARS-0447,PERATURAN BADAN/LEMBAGA,16,superseded,2014,PEMBAGIAN WILAYAH KERJA DI LINGKUNGAN DIREKTORAT KEARSIPAN DAERAH I DAN DIREKTORAT KEARSIPAN DAERAH II,Peraturan Arsip Nasional Nomor 16 Tahun 2014,Peraturan
ARS-0448,PERATURAN BADAN/LEMBAGA,2,active,2014,PEDOMAN TATA NASKAH DINAS,Peraturan Arsip Nasional Nomor 2 Tahun 2014,Peraturan
ARS-0449,PERATURAN BADAN/LEMBAGA,10,superseded,2014,PEDOMAN RETENSI ARSIP SEKTOR KESEJAHTERAAN RAKYAT URUSAN PENANGGULANGAN BENCANA,Peraturan Arsip Nasional Nomor 10 Tahun 2014,Peraturan
ARS-0450,PERATURAN BADAN/LEMBAGA,12,active,2014,"PEDOMAN RETENSI ARSIP SEKTOR POLITIK, HUKUM, DAN KEAMANAN URUSAN PERTAHANAN",Peraturan Arsip Nasional Nomor 12 Tahun 2014,Peraturan
ARS-0451,PERATURAN BADAN/LEMBAGA,13,active,2014,PEDOMAN RETENSI ARSIP SEKTOR KESEJAHTERAAN RAKYAT URUSAN PENDIDIKAN DAN KEBUDAYAAN,Peraturan Arsip Nasional Nomor 13 Tahun 2014,Peraturan
ARS-0452,PERATURAN BADAN/LEMBAGA,14,superseded,2014,ORGANISASI DAN TATA KERJA ARSIP NASIONAL REPUBLIK INDONESIA,Peraturan Arsip Nasional Nomor 14 Tahun 2014,Peraturan
ARS-0453,PERATURAN BADAN/LEMBAGA,17,active,2014,STANDARISASI HARGA SATUAN PERENCANAAN BARANG YANG BERLAKU DI LINGKUNGAN ARSIP NASIONAL REPUBLIK INDONESIA TAHUN ANGGARAN 2015,Peraturan Arsip Nasional Nomor 17 Tahun 2014,Peraturan
ARS-0454,PERATURAN BADAN/LEMBAGA,18,active,2014,DESAIN PENYELENGGARAAN SISTEM PENGENDALIAN INTERN PEMERINTAH DI LINGKUNGAN ARSIP NASIONAL REPUBLIK INDONESIA,Peraturan Arsip Nasional Nomor 18 Tahun 2014,Peraturan
ARS-0455,PERATURAN BADAN/LEMBAGA,20,active,2014,PEDOMAN RETENSI ARSIP SEKTOR PEREKONOMIAN URUSAN KOMUNIKASI DAN INFORMATIKA,Peraturan Arsip Nasional Nomor 20 Tahun 2014,Peraturan
ARS-0456,PERATURAN BADAN/LEMBAGA,7,active,2014,PEDOMAN RETENSI ARSIP SEKTOR PEREKONOMIAN URUSAN PENANAMAN MODAL,Peraturan Arsip Nasional Nomor 7 Tahun 2014,Peraturan
ARS-0457,PERATURAN BADAN/LEMBAGA,18,active,2014,"JADWAL RETENSI ARSIP FASILITATIF KEUANGAN DAN KEPEGAWAIAN BADAN METEOROLOGI, KLIMATOLOGI, DAN GEOFISIKA","Peraturan Badan Meteorologi,Klimatologi,dan Geofisika Nomor 18 Tahun 2014",Peraturan
ARS-0458,PERATURAN BADAN/LEMBAGA,7,active,2014,PEDOMAN KEARSIPAN DINAMIS BADAN NARKOTIKA NASIONAL,Peraturan Badan Narkotika Nasional Nomor 7 Tahun 2014,Peraturan
ARS-0459,PERATURAN BADAN/LEMBAGA,8,active,2014,JADWAL RETENSI ARSIP KEUANGAN,Peraturan Badan Narkotika Nasional Nomor 8 Tahun 2014,Peraturan
ARS-0460,PERATURAN BADAN/LEMBAGA,21,active,2014,JADWAL RETENSI ARSIP DI LINGKUNGAN BADAN PENGAWAS PEMILIHAN UMUM,Peraturan Badan Pengawas Pemilihan Umum Nomor 21 Tahun 2014,Peraturan
ARS-0461,PERATURAN BADAN/LEMBAGA,5,active,2014,PETUNJUK PELAKSANAAN PEMILIHAN ARSIPARIS TELADAN DI LINGKUNGAN ARSIP NASIONAL REPUBLIK INDONESIA TAHUN 2014,Peraturan Arsip Nasional Nomor 5 Tahun 2014,Peraturan
ARS-0462,PERATURAN BADAN/LEMBAGA,9,active,2014,PEDOMAN RETENSI ARSIP SEKTOR PEREKONOMIAN URUSAN PERINDUSTRIAN,Peraturan Arsip Nasional Nomor 9 Tahun 2014,Peraturan
ARS-0463,PERATURAN BADAN/LEMBAGA,6,active,2014,PEDOMAN RETENSI ARSIP SEKTOR PEREKONOMIAN URUSAN KELAUTAN DAN PERIKANAN,Peraturan Arsip Nasional Nomor 6 Tahun 2014,Peraturan
ARS-0464,PERATURAN BADAN/LEMBAGA,PER06/1.01/PPATK/06/14,active,2014,JADWAL RETENSI ARSIP PADA PUSAT PELAPORAN DAN ANALISIS TRANSAKSI KEUANGAN,Peraturan Pusat Pelaporan dan Analisis Transaksi Keuangan Nomor PER06/1.01/PPATK/06/14 Tahun 2014,Peraturan
ARS-0465,PERATURAN BADAN/LEMBAGA,19,active,2014,PEDOMAN RETENSI ARSIP SEKTOR KESEJAHTERAAN RAKYAT URUSAN PEMBERDAYAAN PEREMPUAN DAN PERLINDUNGAN ANAK,Peraturan Arsip Nasional Nomor 19 Tahun 2014,Peraturan
ARS-0466,PERATURAN BADAN/LEMBAGA,8,active,2014,PEDOMAN RETENSI ARSIP SEKTOR PEREKONOMIAN URUSAN LINGKUNGAN HIDUP,Peraturan Arsip Nasional Nomor 8 Tahun 2014,Peraturan
ARS-0467,PERATURAN BADAN/LEMBAGA,23,active,2014,PELAKSANAAN KEGIATAN DANA DEKONSENTRASI ARSIP NASIONAL REPUBLIK INDONESIA TAHUN ANGGARAN 2015,Peraturan Arsip Nasional Nomor 23 Tahun 2014,Peraturan
ARS-0468,PERATURAN BADAN/LEMBAGA,22,active,2014,PEDOMAN RETENSI ARSIP SEKTOR POLITIK HUKUM DAN KEAMANAN URUSAN HUKUM,Peraturan Arsip Nasional Nomor 22 Tahun 2014,Peraturan
ARS-0469,PERATURAN BADAN/LEMBAGA,21,active,2014,PEDOMAN RETENSI ARSIP SEKTOR POLITIK HUKUM DAN KEAMANAN URUSAN HUKUM,Peraturan Arsip Nasional Nomor 21 Tahun 2014,Peraturan
ARS-0470,PERATURAN DAERAH,18,active,2014,PENYELENGGARAAN KEARSIPAN,Peraturan Daerah Provinsi Sumatera Selatan Nomor 18 Tahun 2014,Peraturan
ARS-0471,PERATURAN DAERAH,4,active,2014,Penyelenggaraan Kearsipan,Peraturan Daerah Provinsi Banten Nomor 4 Tahun 2014,Peraturan
ARS-0472,PERATURAN PEMERINTAH,63,superseded,2014,JENIS DAN TARIF ATAS JENIS PENERIMAAN NEGARA BUKAN PAJAK YANG BERLAKU PADA ARSIP NASIONAL REPUBLIK INDONESIA,Peraturan Pemerintah Nomor 63 Tahun 2014,Peraturan
ARS-0473,PERATURAN MENTERI,PM.94,active,2013,PEDOMAN PENYUSUTAN ARSIP DI LINGKUNGAN KEMENTERIAN PERHUBUNGAN,Peraturan Menteri Perhubungan Nomor PM.94 Tahun 2013,Peraturan
ARS-0474,PERATURAN MENTERI,11,active,2013,JADWAL RETENSI ARSIP DI LINGKUNGAN KEMENTERIAN SOSIAL,Peraturan Menteri Sosial Nomor 11 Tahun 2013,Peraturan
ARS-0475,PERATURAN MENTERI,41,active,2013,JADWAL RETENSI ARSIP KEUANGAN DI LINGKUNGAN KEMENTERIAN PENDAYAGUNAAN APARATUR NEGARA DAN REFORMASI BIROKRASI REPUBLIK INDONESIA,Peraturan Menteri Pendayagunaan Aparatur Negara dan Reformasi Birokrasi Nomor 41 Tahun 2013,Peraturan
ARS-0476,PERATURAN MENTERI,42,active,2013,JADWAL RETENSI ARSIP KEPEGAWAIAN PEGAWAI NEGERI SIPIL DAN PEJABAT NEGARA DI LINGKUNGAN KEMENTERIAN PENDAYAGUNAAN APARATUR NEGARA DAN REFORMASI BIROKRASI REPUBLIK INDONESIA,Peraturan Menteri Pendayagunaan Aparatur Negara dan Reformasi Birokrasi Nomor 42 Tahun 2013,Peraturan
ARS-0477,PERATURAN MENTERI,26,unknown,2013,JADWAL RETENSI ARSIP KEUANGAN KEMENTERIAN ENERGI DAN SUMBER DAYA MINERAL,Peraturan Menteri Energi Dan Sumber Daya Mineral Nomor 26 Tahun 2013,Peraturan
ARS-0478,PERATURAN MENTERI,P.33/MENHUT-II/2013,superseded,2013,JADWAL RETENSI ARSIP KEUANGAN KEMENTERIAN KEHUTANAN,Peraturan Menteri Kehutanan Nomor P.33/MENHUT-II/2013 Tahun 2013,Peraturan
ARS-0479,PERATURAN MENTERI,P.35/MENHUT-II/2013,active,2013,PETUNJUK TEKNIS JABATAN FUNGSIONAL ARSIPARIS DAN ANGKA KREDITNYA LINGKUP KEMENTERIAN KEHUTANAN,Peraturan Menteri Kehutanan Nomor P.35/MENHUT-II/2013 Tahun 2013,Peraturan
ARS-0480,PERATURAN MENTERI,4,active,2013,SISTEM KLASIFIKASI KEAMANAN ARSIP DINAMIS DAN HAK AKSES ARSIP DINAMIS DI LINGKUNGAN KEMENTERIAN HUKUM DAN HAK ASASI MANUSIA,Peraturan Menteri Hukum dan Hak Asasi Manusia Nomor 4 Tahun 2013,Peraturan
ARS-0481,PERATURAN MENTERI,35,active,2013,JADWAL RETENSI ARSIP DAN PROSEDUR PENYUSUTAN ARSIP DI LINGKUNGAN KEMENTERIAN HUKUM DAN HAK ASASI MANUSIA,Peraturan Menteri Hukum dan Hak Asasi Manusia Nomor 35 Tahun 2013,Peraturan
ARS-0482,PERATURAN MENTERI,43,active,2013,JADWAL RETENSI ARSIP FASILITATIF NON KEUANGAN DAN NON KEPEGAWAIAN DI LINGKUNGAN KEMENTERIAN PENDAYAGUNAAN APARATUR NEGARA DAN REFORMASI BIROKRASI,Peraturan Menteri Pendayagunaan Aparatur Negara dan Reformasi Birokrasi Nomor 43 Tahun 2013,Peraturan
ARS-0483,PERATURAN BADAN/LEMBAGA,18,superseded,2013,JADWAL RETENSI ARSIP SUBSTANTIF DAN FASILITATIF NON KEPEGAWAIAN DAN NON KEUANGAN KOMISI PEMILIHAN UMUM,Peraturan Komisi Pemilihan Umum Nomor 18 Tahun 2013,Peraturan
ARS-0484,PERATURAN BADAN/LEMBAGA,230/KA/XII/2012,active,2013,"PEDOMAN TATA KEARSIPAN, DAN KODE KLASIFIKASI",Peraturan Badan Tenaga Nuklir Nasional Nomor 230/KA/XII/2012 Tahun 2013,Peraturan
ARS-0485,PERATURAN BADAN/LEMBAGA,5,active,2013,JADWAL RETENSI ARSIP FASILITATIF NON KEUANGAN DAN NON KEPEGAWAIAN,Peraturan Badan Narkotika Nasional Nomor 5 Tahun 2013,Peraturan
ARS-0486,PERATURAN BADAN/LEMBAGA,63,superseded,2013,JADWAL RETENSI ARSIP KEUANGAN BADAN PUSAT STATISTIK,Peraturan Kepala Badan Pusat Statistik Nomor 63 Tahun 2013,Peraturan
ARS-0487,PERATURAN BADAN/LEMBAGA,1,active,2013,PEDOMAN RETENSI ARSIP SEKTOR PEREKONOMIAN URUSAN PERTANIAN,Peraturan Arsip Nasional Nomor 1 Tahun 2013,Peraturan
ARS-0488,PERATURAN BADAN/LEMBAGA,2,active,2013,PEDOMAN RETENSI ARSIP SEKTOR PEREKONOMIAN URUSAN PERDAGANGAN,Peraturan Arsip Nasional Nomor 2 Tahun 2013,Peraturan
ARS-0489,PERATURAN BADAN/LEMBAGA,3,active,2013,PEDOMAN RETENSI ARSIP SEKTOR PEREKONOMIAN URUSAN PERHUBUNGAN,Peraturan Arsip Nasional Nomor 3 Tahun 2013,Peraturan
ARS-0490,PERATURAN BADAN/LEMBAGA,4,active,2013,LOGO DAN SLOGAN JARINGAN INFORMASI KEARSIPAN NASIONAL,Peraturan Arsip Nasional Nomor 4 Tahun 2013,Peraturan
ARS-0491,PERATURAN BADAN/LEMBAGA,5,active,2013,PERUBAHAN ATAS PERATURAN KEPALA ARSIP NASIONAL REPUBLIK INDONESIA NOMOR 07 TAHUN 2012 TENTANG PETUNJUK PELAKSANAAN PEMBERIAN TUNJANGAN KINERJA PEGAWAI DI LINGKUNGAN ARSIP NASIONAL REPUBLIK INDONESIA,Peraturan Arsip Nasional Nomor 5 Tahun 2013,Peraturan
ARS-0492,PERATURAN BADAN/LEMBAGA,6,active,2013,PEDOMAN RETENSI ARSIP KEUANGAN,Peraturan Arsip Nasional Nomor 6 Tahun 2013,Peraturan
ARS-0493,PERATURAN BADAN/LEMBAGA,2,active,2013,PEDOMAN PENYUSUTAN ARSIP DI LINGKUNGAN BADAN NASIONAL PENANGGULANGAN BENCANA,Peraturan Badan Nasional Penanggulangan Bencana Nomor 2 Tahun 2013,Peraturan
ARS-0494,PERATURAN BADAN/LEMBAGA,12,active,2013,PETUNJUK PELAKSANAAN PENGELOLAAN ANGGARAN PENDAPATAN DAN BELANJA NEGARA PADA ARSIP NASIONAL REPUBLIK INDONESIA,Peraturan Arsip Nasional Nomor 12 Tahun 2013,Peraturan
ARS-0495,PERATURAN DAERAH,15,active,2013,PENYELENGGARAAN KEARSIPAN  DI LINGKUNGAN PEMERINTAH KABUPATEN TANJUNG JABUNG TIMUR,Peraturan Daerah Kabupaten Tanjung Jabung Timur Nomor 15 Tahun 2013,Peraturan
ARS-0496,PERATURAN DAERAH,6,active,2013,PENYELENGGARAAN KEARSIPAN,Peraturan Daerah Kabupaten Garut Nomor 6 Tahun 2013,Peraturan
ARS-0497,PERATURAN DAERAH,22,active,2013,PENYELENGGARAAN KEARSIPAN,Peraturan Daerah Kabupaten Badung Nomor 22 Tahun 2013,Peraturan
ARS-0498,PERATURAN MENTERI,13,active,2012,KLASIFIKASI ARSIP KEMENTERIAN KOMUNIKASI DAN INFORMATIKA,Peraturan Menteri Komunikasi dan Informatika Nomor 13 Tahun 2012,Peraturan
ARS-0499,PERATURAN MENTERI,30,active,2012,JADWAL RETENSI ARSIP SUBSTANTIF DAN FASILITATIF NON KEUANGAN DAN NON KEPEGAWAIAN DI LINGKUNGAN KEMENTERIAN KESEHATAN,Peraturan Menteri Kesehatan Nomor 30 Tahun 2012,Peraturan
ARS-0500,PERATURAN MENTERI,78,active,2012,TATA KEARSIPAN DI LINGKUNGAN KEMENTERIAN DALAM NEGERI  DAN PEMERINTAH DAERAH,Peraturan Menteri Dalam Negeri Nomor 78 Tahun 2012,Peraturan
ARS-0501,PERATURAN MENTERI,30,active,2012,JADWAL RETENSI ARSIP KEMENTERIAN PERUMAHAN RAKYAT,Peraturan Menteri Negara Perumahan Rakyat Nomor 30 Tahun 2012,Peraturan
ARS-0502,PERATURAN MENTERI,31,active,2012,PEDOMAN PENYUSUTAN ARSIP KEMENTERIAN PERUMAHAN RAKYAT,Peraturan Menteri Negara Perumahan Rakyat Nomor 31 Tahun 2012,Peraturan
ARS-0503,PERATURAN MENTERI,PM.134/UM.001/MPEK/2012,superseded,2012,JADWAL RETENSI ARSIP FASILITATIF NON KEUANGAN DAN NON KEPEGAWAIAN DI LINGKUNGAN KEMENTERIAN PARIWISATA DAN EKONOMI KREATIF,Peraturan Menteri Pariwisata dan Ekonomi Kreatif Nomor PM.134/UM.001/MPEK/2012 Tahun 2012,Peraturan
ARS-0504,PERATURAN MENTERI,60,active,2012,PENGELOLAAN ARSIP DAN DOKUMENTASI SERTA INFORMASI PUBLIK DI LINGKUNGAN KEMENTERIAN PENDIDIKAN DAN KEBUDAYAAN,Peraturan Menteri Pendidikan dan Kebudayaan Nomor 60 Tahun 2012,Peraturan
ARS-0505,PERATURAN MENTERI,5,active,2012,PEDOMAN PENYUSUTAN ARSIP KEMENTERIAN PERTAHANAN DAN TENTARA NASIONAL INDONESIA,Peraturan Menteri Pertahanan Nomor 5 Tahun 2012,Peraturan
ARS-0506,PERATURAN MENTERI,1,active,2012,PEDOMAN PEMBERKASAN ARSIP AKTIF KEMENTERIAN KOORDINATOR BIDANG KESEJAHTERAAN RAKYAT,Peraturan Menteri Koordinator Bidang Kesejahteraan Rakyat Nomor 1 Tahun 2012,Peraturan
ARS-0507,PERATURAN MENTERI,2,active,2012,JADWAL RETENSI ARSIP FASILITATIF NON KEUANGAN DAN NON KEPEGAWAIAN KEMENTERIAN KOORDINATOR BIDANG KESEJAHTERAAN RAKYAT,Peraturan Menteri Koordinator Bidang Kesejahteraan Rakyat Nomor 2 Tahun 2012,Peraturan
ARS-0508,PERATURAN MENTERI,6,active,2012,POLA KLASIFIKASI ARSIP KEMENTERIAN HUKUM DAN HAK ASASI MANUSIA,Peraturan Menteri Hukum dan Hak Asasi Manusia Nomor 6 Tahun 2012,Peraturan
ARS-0509,PERATURAN MENTERI,31,superseded,2012,PETUNJUK PELAKSANAAN TATA KEARSIPAN DINAMIS DI LINGKUNGAN KEMENTERIAN SOSIAL REPUBLIK INDONESIA,Peraturan Menteri Sosial Nomor 31 Tahun 2012,Peraturan
ARS-0510,PERATURAN BADAN/LEMBAGA,KEP.10,superseded,2012,PEDOMAN TATA NASKAH DINAS DAN KEARSIPAN,"Peraturan Badan Meteorologi,Klimatologi,dan Geofisika Nomor KEP.10 Tahun 2012",Peraturan
ARS-0511,PERATURAN BADAN/LEMBAGA,3,active,2012,JADWAL RETENSI ARSIP KEPEGAWAIAN DAN KEUANGAN,Peraturan Komisi Pemilihan Umum Nomor 3 Tahun 2012,Peraturan
ARS-0512,PERATURAN BADAN/LEMBAGA,03,active,2012,PENGGUNAAN PIN REFORMASI BIROKRASI ARSIP NASIONAL REPUBLIK INDONESIA,Peraturan Arsip Nasional Nomor 03 Tahun 2012,Peraturan
ARS-0513,PERATURAN BADAN/LEMBAGA,04,active,2012,STANDARISASI HARGA SATUAN PERENCANAAN BARANG YANG BERLAKU DI LINGKUNGAN ARSIP NASIONAL,Peraturan Arsip Nasional Nomor 04 Tahun 2012,Peraturan
ARS-0514,PERATURAN BADAN/LEMBAGA,09,active,2012,PENGELOLAAN ARSIP ASET NEGARA/DAERAH,Peraturan Arsip Nasional Nomor 09 Tahun 2012,Peraturan
ARS-0515,PERATURAN BADAN/LEMBAGA,12,active,2012,PETUNJUK PELAKSANAAN PENGELOLAAN ANGGARAN PENDAPATAN DAN BELANJA NEGARA PADA ARSIP NASIONAL REPUBLIK INDONESIA,Peraturan Arsip Nasional Nomor 12 Tahun 2012,Peraturan
ARS-0516,PERATURAN BADAN/LEMBAGA,13,active,2012,VISI DAN MISI ARSIP NASIONAL REPUBLIK INDONESIA,Peraturan Arsip Nasional Nomor 13 Tahun 2012,Peraturan
ARS-0517,PERATURAN BADAN/LEMBAGA,15,active,2012,PETUNJUK PELAKSANAAN PENGELOLAAN SURAT ELEKTRONIK DI PENCIPTA ARSIP,Peraturan Arsip Nasional Nomor 15 Tahun 2012,Peraturan
ARS-0518,PERATURAN BADAN/LEMBAGA,17,superseded,2012,"PEDOMAN PENYERAHAN ARSIP STATIS BAGI ORGANISASI POLITIK, ORGANISASI KEMASYARAKATAN, DAN PERSEORANGAN",Peraturan Arsip Nasional Nomor 17 Tahun 2012,Peraturan
ARS-0519,PERATURAN BADAN/LEMBAGA,19,active,2012,PENYUSUNAN KLASIFIKASI ARSIP,Peraturan Arsip Nasional Nomor 19 Tahun 2012,Peraturan
ARS-0520,PERATURAN BADAN/LEMBAGA,21,active,2012,PELAKSANAAN KEGIATAN DANA DEKONSENTRASI ARSIP NASIONAL REPUBLIK INDONESIA TAHUN  ANGGARAN 2013,Peraturan Arsip Nasional Nomor 21 Tahun 2012,Peraturan
ARS-0521,PERATURAN BADAN/LEMBAGA,22,active,2012,DESAIN PEMBINAAN KEARSIPAN PADA PEMERINTAH DAERAH,Peraturan Arsip Nasional Nomor 22 Tahun 2012,Peraturan
ARS-0522,PERATURAN BADAN/LEMBAGA,23,active,2012,STANDAR FUNGSI LEMBAGA KEARSIPAN DAERAH,Peraturan Arsip Nasional Nomor 23 Tahun 2012,Peraturan
ARS-0523,PERATURAN BADAN/LEMBAGA,24,active,2012,MATERI MUATAN PERATURAN DAERAH TENTANG PENYELENGGARAAN KEARSIPAN,Peraturan Arsip Nasional Nomor 24 Tahun 2012,Peraturan
ARS-0524,PERATURAN BADAN/LEMBAGA,25,superseded,2012,PEDOMAN PEMUSNAHAN ARSIP,Peraturan Arsip Nasional Nomor 25 Tahun 2012,Peraturan
ARS-0525,PERATURAN BADAN/LEMBAGA,26,active,2012,TATA CARA PENGELOLAAN DAN TINDAK LANJUT PELAPORAN PELANGGARAN (WHISTLEBLOWING) DI LINGKUNGAN ARSIP NASIONAL REPUBLIK INDONESIA,Peraturan Arsip Nasional Nomor 26 Tahun 2012,Peraturan
ARS-0526,PERATURAN BADAN/LEMBAGA,27,active,2012,PEDOMAN TEKNIS PENYELENGGARAAN SISTEM PENGENDALIAN INTERN PEMERINTAH DI LINGKUNGAN ARSIP NASIONAL REPUBLIK INDONESIA,Peraturan Arsip Nasional Nomor 27 Tahun 2012,Peraturan
ARS-0527,PERATURAN BADAN/LEMBAGA,28,superseded,2012,PETUNJUK PELAKSANAAN PENYUSUNAN STANDAR OPERASIONAL PROSEDUR ADMINISTRASI PEMERINTAHAN DI LINGKUNGAN ARSIP NASIONAL REPUBLIK INDONESIA,Peraturan Arsip Nasional Nomor 28 Tahun 2012,Peraturan
ARS-0528,PERATURAN BADAN/LEMBAGA,29,active,2012,PETUNJUK PELAKSANAAN PEMBUATAN ANALISIS JABATAN DI LINGKUNGAN ARSIP NASIONAL REPUBLIK INDONESIA,Peraturan Arsip Nasional Nomor 29 Tahun 2012,Peraturan
ARS-0529,PERATURAN BADAN/LEMBAGA,30,active,2012,PETUNJUK PELAKSANAAN ANALISIS BEBAN KERJA DI LINGKUNGAN ARSIP NASIONAL REPUBLIK INDONESIA,Peraturan Arsip Nasional Nomor 30 Tahun 2012,Peraturan
ARS-0530,PERATURAN BADAN/LEMBAGA,31,active,2012,KLASIFIKASI ARSIP DI LINGKUNGAN ARSIP NASIONAL REPUBLIK INDONESIA,Peraturan Arsip Nasional Nomor 31 Tahun 2012,Peraturan
ARS-0531,PERATURAN BADAN/LEMBAGA,32,active,2012,PEDOMAN TATA NASKAH DINAS DI LINGKUNGAN ARSIP NASIONAL REPUBLIK INDONESIA,Peraturan Arsip Nasional Nomor 32 Tahun 2012,Peraturan
ARS-0532,PERATURAN BADAN/LEMBAGA,33,active,2012,PEDOMAN PENGURUSAN SURAT DI LINGKUNGAN ARSIP NASIONAL REPUBLIK INDONESIA,Peraturan Arsip Nasional Nomor 33 Tahun 2012,Peraturan
ARS-0533,PERATURAN BADAN/LEMBAGA,35,active,2012,JADWAL RETENSI ARSIP KEPEGAWAIAN ARSIP NASIONAL REPUBLIK INDONESIA,Peraturan Arsip Nasional Nomor 35 Tahun 2012,Peraturan
ARS-0534,PERATURAN BADAN/LEMBAGA,36,active,2012,JADWAL RETENSI ARSIP KEUANGAN ARSIP NASIONAL REPUBLIK INDONESIA,Peraturan Arsip Nasional Nomor 36 Tahun 2012,Peraturan
ARS-0535,PERATURAN BADAN/LEMBAGA,37,active,2012,JADWAL RETENSI ARSIP FASILITATIF NON KEUANGAN DAN NON KEPEGAWAIAN ARSIP NASIONAL REPUBLIK INDONESIA,Peraturan Arsip Nasional Nomor 37 Tahun 2012,Peraturan
ARS-0536,PERATURAN BADAN/LEMBAGA,7,active,2012,PETUNJUK PELAKSANAAN PEMBERIAN TUNJANGAN KINERJA PEGAWAI DI LINGKUNGAN ARSIP NASIONAL REPUBLIK INDONESIA,Peraturan Arsip Nasional Nomor 7 Tahun 2012,Peraturan
ARS-0537,PERATURAN BADAN/LEMBAGA,14,active,2012,PEDOMAN PENILAIAN ARSIP DI LINGKUNGAN BADAN NASIONAL PENANGGULANGAN BENCANA,Peraturan Badan Nasional Penanggulangan Bencana Nomor 14 Tahun 2012,Peraturan
ARS-0538,PERATURAN BADAN/LEMBAGA,11,active,2012,PAKAIAN DINAS DI LINGKUNGAN ARSIP NASIONAL REPUBLIK INDONESIA,Peraturan Arsip Nasional Nomor 11 Tahun 2012,Peraturan
ARS-0539,PERATURAN BADAN/LEMBAGA,14,superseded,2012,PEDOMAN PENYUSUNAN KEBIJAKAN UMUM PENGELOLAAN ARSIP ELEKTRONIK,Peraturan Arsip Nasional Nomor 14 Tahun 2012,Peraturan
ARS-0540,PERATURAN BADAN/LEMBAGA,16,active,2012,PENGELOLAAN ARSIP KARTOGRAFI DAN KEARSITEKTURAN,Peraturan Arsip Nasional Nomor 16 Tahun 2012,Peraturan
ARS-0541,PERATURAN BADAN/LEMBAGA,18,active,2012,PEDOMAN PEMBUATAN DAN PENGUMUMAN DAFTAR PENCARIAN ARSIP DPA,Peraturan Arsip Nasional Nomor 18 Tahun 2012,Peraturan
ARS-0542,PERATURAN BADAN/LEMBAGA,20,active,2012,PENGELOLAAN UNIT KEARSIPAN PADA LEMBAGA NEGARA,Peraturan Arsip Nasional Nomor 20 Tahun 2012,Peraturan
ARS-0543,PERATURAN DAERAH,17,active,2012,PENYELENGGARAAN KEARSIPAN,Peraturan Daerah Provinsi Sumatera Barat Nomor 17 Tahun 2012,Peraturan
ARS-0544,PERATURAN PEMERINTAH,28,active,2012,PELAKSANAAN UNDANG-UNDANG NOMOR 43 TAHUN 2009 TENTANG KEARSIPAN,Peraturan Pemerintah Nomor 28 Tahun 2012,Peraturan
ARS-0545,PERATURAN PRESIDEN,42,active,2012,PERPANJANGAN BATAS USIA PENSIUN BAGI PEGAWAI NEGERI SIPIL YANG MENDUDUKI JABATAN FUNGSIONAL ARSIPARIS,Peraturan Presiden Nomor 42 Tahun 2012,Peraturan
ARS-0546,PERATURAN PRESIDEN,114,active,2012,TUNJANGAN KINERJA PEGAWAI DI LINGKUNGAN ARSIP NASIONAL REPUBLIK INDONESIA,Peraturan Presiden Nomor 114 Tahun 2012,Peraturan
ARS-0547,PERATURAN MENTERI,18,superseded,2011,PEDOMAN PENGELOLAAN ARSIP DINAMIS KEMENTERIAN PERTAHANAN DAN TENTARA NASIONAL INDONESIA,Peraturan Menteri Pertahanan Nomor 18 Tahun 2011,Peraturan
ARS-0548,PERATURAN MENTERI,18,unknown,2011,JADWAL RETENSI ARSIP SUBSTANTIF MINYAK DAN GAS BUMI KEMENTERIAN ENERGI DAN SUMBER DAYA MINERAL,Peraturan Menteri Energi Dan Sumber Daya Mineral Nomor 18 Tahun 2011,Peraturan
ARS-0549,PERATURAN MENTERI,P.51/MENHUT-II/2011,superseded,2011,PEDOMAN TATA NASKAH KEARSIPAN KEMENTERIAN KEHUTANAN,Peraturan Menteri Kehutanan Nomor P.51/MENHUT-II/2011 Tahun 2011,Peraturan
ARS-0550,PERATURAN BADAN/LEMBAGA,HK.04.1.03.11.01799,active,2011,JADWAL RETENSI ARSIP BADAN PENGAWAS OBAT DAN MAKANAN REPUBLIK INDONESIA,Peraturan Badan Pengawas Obat dan Makanan Nomor HK.04.1.03.11.01799 Tahun 2011,Peraturan
ARS-0551,PERATURAN BADAN/LEMBAGA,35,active,2011,PENGEMBANGAN PEGAWAI MELALUI PENDIDIKAN FORMAL BAGI PEGAWAI DI LINGKUNGAN ARSIP NASIONAL REPUBLIK INDONESIA,Peraturan Arsip Nasional Nomor 35 Tahun 2011,Peraturan
ARS-0552,PERATURAN BADAN/LEMBAGA,42,superseded,2011,DISIPLIN PEGAWAI DI LINGKUNGAN ARSIP NASIONAL REPUBLIK INDONESIA,Peraturan Arsip Nasional Nomor 42 Tahun 2011,Peraturan
ARS-0553,PERATURAN BADAN/LEMBAGA,18,superseded,2011,JADWAL RETENSI ARSIP FASILITATIF NON KEUANGAN DAN NON KEPEGAWAIAN BADAN NASIONAL PENANGGULANGAN BENCANA,Peraturan Badan Nasional Penanggulangan Bencana Nomor 18 Tahun 2011,Peraturan
ARS-0554,PERATURAN DAERAH,5,active,2011,PENYELENGGARAAN KEARSIPAN PROVINSI JAMBI,Peraturan Daerah Provinsi Jambi Nomor 5 Tahun 2011,Peraturan
ARS-0555,PERATURAN DAERAH,18,active,2011,PENYELENGGARAAN KEARSIPAN,Peraturan Daerah Provinsi Jawa Barat Nomor 18 Tahun 2011,Peraturan
ARS-0556,PERATURAN MENTERI,06/PER/M.KUKM/XI/2010,active,2010,JADWAL RETENSI ARSIP KEPEGAWAIAN PEGAWAI NEGERI SIPIL DAN PEJABAT NEGARA KEMENTERIAN KOPERASI DAN USAHA KECIL DAN MENENGAH,Peraturan Menteri Koperasi dan UKM Nomor 06/PER/M.KUKM/XI/2010 Tahun 2010,Peraturan
ARS-0557,PERATURAN MENTERI,6,active,2010,POLA KLASIFIKASI ARSIP KEMENTERIAN PERUMAHAN RAKYAT,Peraturan Menteri Negara Perumahan Rakyat Nomor 6 Tahun 2010,Peraturan
ARS-0558,PERATURAN MENTERI,8,active,2010,TATA KEARSIPAN KEMENTERIAN PERUMAHAN RAKYAT,Peraturan Menteri Negara Perumahan Rakyat Nomor 8 Tahun 2010,Peraturan
ARS-0559,PERATURAN MENTERI,29,active,2010,PEDOMAN PENYUSUNAN FORMASI JABATAN FUNGSIONAL ARSIPARIS KEMENTERIAN PERTAHANAN,Peraturan Menteri Pertahanan Nomor 29 Tahun 2010,Peraturan
ARS-0560,PERATURAN MENTERI,30,superseded,2010,PEDOMAN KEARSIPAN DI LINGKUNGAN KEMENTERIAN PERTAHANAN DAN TENTARA NASIONAL INDONESIA,Peraturan Menteri Pertahanan Nomor 30 Tahun 2010,Peraturan
ARS-0561,PERATURAN MENTERI,39,active,2010,JADWAL RETENSI ARSIP KEPEGAWAIAN DAN KEUANGAN DI LINGKUNGAN KEMENTERIAN PENDIDIKAN NASIONAL,Peraturan Menteri Pendidikan Nasional Nomor 39 Tahun 2010,Peraturan
ARS-0562,PERATURAN MENTERI,18,active,2010,"LOGO, CAP DINAS, DAN KOP SURAT UNIVERSITAS PERTAHANAN INDONESIA",Peraturan Menteri Pertahanan Nomor 18 Tahun 2010,Peraturan
ARS-0563,PERATURAN MENTERI,18,superseded,2010,ORGANISASI DAN TATA KERJA KEMENTERIAN ENERGI DAN SUMBER DAYA MINERAL,Peraturan Menteri Energi Dan Sumber Daya Mineral Nomor 18 Tahun 2010,Peraturan
ARS-0564,PERATURAN BADAN/LEMBAGA,26,superseded,2010,JADWAL RETENSI ARSIP KEPEGAWAIAN PEGAWAI NEGERI SIPIL DAN PEJABAT NEGARA BADAN NASIONAL PENANGGULANGAN BENCANA,Peraturan Badan Nasional Penanggulangan Bencana Nomor 26 Tahun 2010,Peraturan
ARS-0565,PERATURAN DAERAH,5,active,2010,PENYELENGGARAAN KEARSIPAN DI LINGKUNGAN PEMERINTAH KOTA BANJARMASIN,Peraturan Daerah Kota Banjarmasin Nomor 5 Tahun 2010,Peraturan
ARS-0566,PERATURAN DAERAH,3,active,2010,Penyelenggaraan Kearsipan Daerah Provinsi,Peraturan Daerah Provinsi Sulawesi Selatan Nomor 3 Tahun 2010,Peraturan
ARS-0567,PERATURAN MENTERI,3,unknown,2009,JADWAL RETENSI ARSIP KEPEGAWAIAN DI LINGKUNGAN DEPARTEMEN ENERGI DAN SUMBER DAYA MINERAL,Peraturan Menteri Energi Dan Sumber Daya Mineral Nomor 3 Tahun 2009,Peraturan
ARS-0568,PERATURAN MENTERI,10,unknown,2009,JADWAL RETENSI ARSIP SUBSTANTIF PENELITIAN DAN PENGEMBANGAN ENERGI DAN SUMBER DAYA MINERAL,Peraturan Menteri Energi Dan Sumber Daya Mineral Nomor 10 Tahun 2009,Peraturan
ARS-0569,PERATURAN BADAN/LEMBAGA,6,active,2009,RINCIAN URUSAN PEMERINTAHAN BIDANG KEARSIPAN DI LINGKUNGAN PEMERINTAH DAERAH PROVINSI DAN PEMERINTAH KABUPATEN / KOTA,Peraturan Arsip Nasional Nomor 6 Tahun 2009,Peraturan
ARS-0570,PERATURAN DAERAH,6,active,2009,PENGELOLAAN KEARSIPAN DI LINGKUNGAN PEMERINTAH PROVINSI KEPULAUAN BANGKA BELITUNG.,Peraturan Daerah Provinsi Bangka Belitung Nomor 6 Tahun 2009,Peraturan
ARS-0571,PERATURAN DAERAH,6,active,2009,PENGELOLAAN KEARSIPAN DI LINGKUNGAN PEMERINTAH PROVINSI KEPULAUAN BANGKA BELITUNG.,Peraturan Daerah Provinsi Bangka Belitung Nomor 6 Tahun 2009,Peraturan
ARS-0572,PERATURAN DAERAH,17,active,2008,PENYELENGGARAAN KEARSIPAN DI PROVINSI KALIMANTAN TIMUR,Peraturan Daerah Provinsi Kalimantan Timur Nomor 17 Tahun 2008,Peraturan
ARS-0573,PERATURAN BADAN/LEMBAGA,17,active,2007,TATA KEARSIPAN DI LINGKUNGAN KEPOSIAN NEGARA RI,Peraturan Kepolisian Negara Republik Indonesia Nomor 17 Tahun 2007,Peraturan
ARS-0574,PERATURAN DAERAH,1,active,2007,PENGELOLAAN KEARSIPAN,Peraturan Daerah Provinsi DKI Jakarta Nomor 1 Tahun 2007,Peraturan
ARS-0575,PERATURAN DAERAH,22,active,2007,RETRIBUSI JASA KEARSIPAN.,Peraturan Daerah Kabupaten Purwakarta Nomor 22 Tahun 2007,Peraturan
ARS-0576,PERATURAN DAERAH,1,active,2007,PENGELOLAAN KEARSIPAN,Peraturan Daerah Provinsi DKI Jakarta Nomor 1 Tahun 2007,Peraturan
ARS-0577,PERATURAN PRESIDEN,46,active,2007,TUNJANGAN JABATAN FUNGSIONAL ARSIPARIS,Peraturan Presiden Nomor 46 Tahun 2007,Peraturan
ARS-0578,PERATURAN MENTERI,52,superseded,2006,PERSURATAN DINAS DAN KEARSIPAN DEPARTEMEN ENERGI DAN SUMBER DAYA MINERAL,Peraturan Menteri Energi Dan Sumber Daya Mineral Nomor 52 Tahun 2006,Peraturan
ARS-0579,PERATURAN BADAN/LEMBAGA,3,active,2006,ORGANISASI DAN TATA KERJA ARSIP NASIONAL REPUBLIK INDONESIA,Peraturan Arsip Nasional Nomor 3 Tahun 2006,Peraturan
ARS-0580,PERATURAN DAERAH,7,active,2006,KEARSIPAN.,Peraturan Daerah Kabupaten Gresik Nomor 7 Tahun 2006,Peraturan
ARS-0581,PERATURAN DAERAH,15,active,2006,"PEMBENTUKAN ORGANISASI DAN TATA KERJA BADAN KOMUNIKASI DAN INFORMASI, PERPUSTAKAAN DAN KEARSIPAN KABUPATEN MUSI RAWAS.",Peraturan Daerah Kabupaten Musi Rawas Nomor 15 Tahun 2006,Peraturan
ARS-0582,PERATURAN PRESIDEN,40,active,2006,TUNJANGAN JABATAN FUNGSIONAL ARSIPARIS DAN PUSTAKAWAN,Peraturan Presiden Nomor 40 Tahun 2006,Peraturan
ARS-0583,PERATURAN DAERAH,4,active,2005,PENYELENGGARAAN KEARSIPAN DI PROVINSI JAWA TENGAH,Peraturan Daerah Provinsi Jawa Tengah Nomor 4 Tahun 2005,Peraturan
ARS-0584,PERATURAN DAERAH,12,active,2005,"TENTANG PEMBENTUKAN, ORGANISASI DAN TATA KERJA KANTOR PERPUSTAKAAN DAN ARSIP DAERAH (KPAD) KOTA CILEGON.",Peraturan Daerah Kota Cilegon Nomor 12 Tahun 2005,Peraturan
ARS-0585,PERATURAN DAERAH,24,active,2005,SUSUNAN ORGANISASI DAN TATA KERJA KANTOR PERPUSTAKAAN DAN ARSIP DAERAH KABUPATEN ACEH UTARA.,Peraturan Daerah Kabupaten Aceh Utara Nomor 24 Tahun 2005,Peraturan
ARS-0586,PERATURAN DAERAH,24,active,2005,"PEMBENTUKAN, SUSUNAN ORGANISASI DAN TATA KERJA KANTOR PERPUSTAKAAN DAN ARSIP DAERAH KABUPATEN TANAH BUMBU.",Peraturan Daerah Kabupaten Tanah Bumbu Nomor 24 Tahun 2005,Peraturan
ARS-0587,PERATURAN DAERAH,32,active,2005,PEMBENTUKAN ORGANISASI DAN TATA KERJA KANTOR PENGELOLAAN DAN ELEKTRONIKA DAN ARSIP DAERAH,Peraturan Daerah Kabupaten Purbalingga Nomor 32 Tahun 2005,Peraturan
ARS-0588,PERATURAN PRESIDEN,24,active,2005,TUNJANGAN PENGELOLAAN ARSIP STATIS BAGI PEGAWAI NEGERI SIPIL DI LINGKUNGAN ARSIP NASIONAL RI,Peraturan Presiden Nomor 24 Tahun 2005,Peraturan
ARS-0589,PERATURAN PEMERINTAH,42,active,2005,JENIS DAN TARIF ATAS JENIS PENERIMAAN NEGARA BUKAN PAJAK YANG BERLAKU PADA ARSIP NASIONAL RI,Peraturan Pemerintah Nomor 42 Tahun 2005,Peraturan
ARS-0590,KEPUTUSAN PRESIDEN,105,active,2004,PENGELOLAAN ARSIP STATIS,Keputusan Presiden Nomor 105 Tahun 2004,Peraturan
ARS-0591,PERATURAN DAERAH,9,active,2004,"PEMBENTUKAN SUSUNAN ORGANISASI DAN TATA KERJA BADAN PENELITIAN PENGEMBANGAN, TELEMATIKA DAN ARSIP DAERAH KABUPATEN BANYUMAS",Peraturan Daerah Kabupaten Banyumas Nomor 9 Tahun 2004,Peraturan
ARS-0592,PERATURAN DAERAH,20,active,2004,"PEMBENTUKAN, KEDUDUKAN, TUGAS, FUNGSI STRUKTUR ORGANISASI DAN TATA KERJA BADAN PENGELOLAAN PERPUSTAKAAN, KEARSIPAN DAN DATA ELEKTRONIK KABUPATEN MAGELANG.",Peraturan Daerah Kabupaten Magelang Nomor 20 Tahun 2004,Peraturan
ARS-0593,PERATURAN DAERAH,31,active,2004,"Pembentukan, Susunan Organisasi dan Tata Kerja Kantor Perpustakaan Umum dan Arsip Daerah",Peraturan Daerah Kota Madiun Nomor 31 Tahun 2004,Peraturan
ARS-0594,PERATURAN DAERAH,5,active,2003,"ORGANISASI DAN TATA KERJA KANTOR LITBANG, PERPUSTAKAAN AN ARSIP DAERAH.",Peraturan Daerah Kabupaten Tanggamus Nomor 5 Tahun 2003,Peraturan
ARS-0595,PERATURAN DAERAH,16,active,2003,PENYELENGGARAAN KEARSIPAN DI LINGKUNGAN KABUPATEN JAYAPURA.,Peraturan Daerah Kabupaten Jayapura Nomor 16 Tahun 2003,Peraturan
ARS-0596,PERATURAN DAERAH,47,active,2002,PENYELENGGARAAN KEARSIPAN DI LINGKUNGAN PEMERINTAH PROPINSI BANTEN,Peraturan Daerah Provinsi Banten Nomor 47 Tahun 2002,Peraturan
ARS-0597,KEPUTUSAN PRESIDEN,115,active,2001,"PEMBENTUKAN TIM PENATAAN KELEMBAGAAN, KEPEGAWAIAN, KEKAYAAN NEGARA DAN PERALATAN, KEUANGAN SERTA DOKUMEN DAN ARSIP PADA DEPARTEMEN/KANTOR MENEG/KANTOR MENTERI MUDA/KANTOR MENTERI NEGARA KOORDINATOR YANG DIBENTUK/DIHAPUS/DIGABUNGKAN/DIUBAH STATUSNYA",Keputusan Presiden Nomor 115 Tahun 2001,Peraturan
ARS-0598,PERATURAN DAERAH,8,active,2001,"PEMBENTUKAN, KEDUDUKAN, TUGAS POKOK, FUNGSI DAN SUSUNAN ORGANISASI BADAN INFORMASI, KOMUNIKASI DAN KEHUMASAN, BADAN KOORDINASI PEMBANGUNAN LINTAS KABUPATEN / KOTA PROPINSI JAWA TENGAH WILAYAH I, WILAYAH II, DAN WILAYAH III , BADAN KEPEGAWAIAN DAERAH, BADAN PENDIDIKAN DAN PELATIHAN, BADAN PENGELOLAAN DAN PENGENDALIAN DAMPAK LINGKUNGAN, BADAN KESATUAN BANGSA DAN PERLINDUNGAN MASYARAKAT, BADAN PENANAMAN MODAL, BADAN PENGAWAS, BADAN BIMBINGAN MASSAL KETAHANAN PANGAN, BADAN PENELITIAN DAN PENGEMBANGAN, BADAN PERENCANAAN PEMBANGUNAN DAERAH, BADAN ARSIP DAERAH, DAN BADAN PEMBERDAYAAN MASYARAKAT PROPINSI JAWA TENGAH",Peraturan Daerah Provinsi Jawa Tengah Nomor 8 Tahun 2001,Peraturan
ARS-0599,PERATURAN DAERAH,38,active,2001,PEMBENTUKAN SUSUNAN ORGANISASI DAN TATA KERJA BADAN ARSIP PROPINSI DAERAH ISTIMEWA ACEH,Peraturan Daerah Provinsi Nanggroe Aceh Darussalam Nomor 38 Tahun 2001,Peraturan
ARS-0600,PERATURAN DAERAH,38,active,2001,PEMBENTUKAN SUSUNAN ORGANISASI DAN TATA KERJA BADAN ARSIP PROPINSI DAERAH ISTIMEWA ACEH,Peraturan Daerah Provinsi Nanggroe Aceh Darussalam Nomor 38 Tahun 2001,Peraturan
ARS-0601,KEPUTUSAN PRESIDEN,25,active,2000,"PEMBENTUKAN TIM PENATAAN PEGAWAI NEGERI SIPIL KEKAYAAN NEGARA DAN PERALATAN, KEUANGAN, DOKUMEN DAN ARSIP PADA DEPARTEMEN/KANTOR MENTERI NEGARA/MENTERI NEGARA KOORDINATOR YANG DIHAPUS/DIGABUNG/DIUBAH STATUSNYA",Keputusan Presiden Nomor 25 Tahun 2000,Peraturan
ARS-0602,PERATURAN DAERAH,6,active,2000,PENYELENGGARAAN KEARSIPAN DILINGKUNGAN PEMERINTAH PROPINSI JAWA BARAT,Peraturan Daerah Provinsi Jawa Barat Nomor 6 Tahun 2000,Peraturan
ARS-0603,PERATURAN DAERAH,36,active,2000,PEMBENTUKAN DAN ORGANISASI KANTOR ARSIP KABUPATEN BANTUL.,Peraturan Daerah Kabupaten Bantul Nomor 36 Tahun 2000,Peraturan
ARS-0604,PERATURAN DAERAH,2,active,1996,PEMBENTUKAN ORGANISASI DAN TATAKERJA KANTOR ARSIP DAERAH PROPINSI DAERAH TINGKAT I LAMPUNG,Peraturan Daerah Provinsi Lampung Nomor 2 Tahun 1996,Peraturan
ARS-0605,KEPUTUSAN PRESIDEN,34,active,1995,TUNJANGAN ARSIPARIS,Keputusan Presiden Nomor 34 Tahun 1995,Peraturan
ARS-0606,PERATURAN DAERAH,7,active,1994,PEMBENTUKAN KANTOR ARSIP DAERAH PROPINSI DAERAH ISTIMEWA YOGYAKARTA,Peraturan Daerah Provinsi DI Yogyakarta Nomor 7 Tahun 1994,Peraturan
ARS-0607,PERATURAN DAERAH,8,active,1994,ORGANISASI DAN TATAKERJA KANTOR ARSIP DAERAH PROPINSI DAERAH ISTIMEWA YOGYAKARTA,Peraturan Daerah Provinsi DI Yogyakarta Nomor 8 Tahun 1994,Peraturan
ARS-0608,KEPUTUSAN PRESIDEN,92,active,1993,"KEDUDUKAN, TUGAS, FUNGSI, SUSUNAN ORGANISASI DAN TATA KERJA ARSIP NASIONAL REPUBLIK INDONESIA",Keputusan Presiden Nomor 92 Tahun 1993,Peraturan
ARS-0609,PERATURAN DAERAH,1,active,1993,"PEMBENTUKAN, ORGANISASI DAN TATA KERJA KANTOR ARSIP DAERAH PROPINSI DAERAH TINGKAT I NUSA TENGGARA TIMUR,",Peraturan Daerah Provinsi Nusa Tenggara Timur Nomor 1 Tahun 1993,Peraturan
ARS-0610,PERATURAN DAERAH,5,active,1990,"PEMBENTUKAN, ORGANISASI DAN TATA KERJA KANTOR ARSIP DAERAH PROPINSI DAERAH ISTIMEWA ACEH",Peraturan Daerah Provinsi Nanggroe Aceh Darussalam Nomor 5 Tahun 1990,Peraturan
ARS-0611,PERATURAN PEMERINTAH,34,superseded,1979,PENYUSUTAN ARSIP,Peraturan Pemerintah Nomor 34 Tahun 1979,Peraturan
ARS-0612,KEPUTUSAN PRESIDEN,26,active,1974,ARSIP NASIONAL REPUBLIK INDONESIA,Keputusan Presiden Nomor 26 Tahun 1974,Peraturan
ARS-0613,UNDANG-UNDANG,7,superseded,1971,KETENTUAN-KETENTUAN POKOK KEARSIPAN,Undang-Undang Nomor 7 Tahun 1971,Peraturan
ARS-0614,PERATURAN PRESIDEN,19,active,1961,POKOK-POKOK KEARSIPAN NASIONAL,Peraturan Presiden Nomor 19 Tahun 1961,Peraturan
